{
  "arguments": {
    "game": [
      "--username",
      "${auth_player_name}",
      "--version",
      "${version_name}",
      "--gameDir",
      "${game_directory}",
      "--assetsDir",
      "${assets_root}",
      "--assetIndex",
      "${assets_index_name}",
      "--uuid",
      "${auth_uuid}",
      "--accessToken",
      "${auth_access_token}",
      "--userType",
      "${user_type}",
      "--versionType",
      "${version_type}",
      {
        "rules": [
          {
            "action": "allow",
            "features": {
              "is_demo_user": true
            }
          }
        ],
        "value": "--demo"
      },
      {
        "rules": [
          {
            "action": "allow",
            "features": {
              "has_custom_resolution": true
            }
          }
        ],
        "value": [
          "--width",
          "${resolution_width}",
          "--height",
          "${resolution_height}"
        ]
      }
    ],
    "jvm": [
      {
        "rules": [
          {
            "action": "allow",
            "os": {
              "name": "osx"
            }
          }
        ],
        "value": [
          "-XstartOnFirstThread"
        ]
      },
      {
        "rules": [
          {
            "action": "allow",
            "os": {
              "name": "windows"
            }
          }
        ],
        "value": "-XX:HeapDumpPath=MojangTricksIntelDriversForPerformance_javaw.exe_minecraft.exe.heapdump"
      },
      {
        "rules": [
          {
            "action": "allow",
            "os": {
              "name": "windows",
              "version": "^10\\."
            }
          }
        ],
        "value": [
          "-Dos.name=Windows 10",
          "-Dos.version=10.0"
        ]
      },
      {
        "rules": [
          {
            "action": "allow",
            "os": {
              "arch": "x86"
            }
          }
        ],
        "value": "-Xss1M"
      },
      "-Djava.library.path=${natives_directory}",
      "-Dminecraft.launcher.brand=${launcher_name}",
      "-Dminecraft.launcher.version=${launcher_version}",
      "-cp",
      "${classpath}"
    ]
  },
  "assetIndex": {
    "id": "1.17",
    "sha1": "f425401a00adf0112fde624ee80c66333530f8a1",
    "size": 346398,
    "totalSize": 348383264,
    "url": "https://piston-meta.mojang.com/v1/packages/f425401a00adf0112fde624ee80c66333530f8a1/1.17.json"
  },
  "assets": "1.17",
  "complianceLevel": 1,
  "downloads": {
    "client": {
      "sha1": "8d9b65467c7913fcf6f5b2e729d44a1e00fde150",
      "size": 19546842,
      "url": "https://piston-data.mojang.com/v1/objects/8d9b65467c7913fcf6f5b2e729d44a1e00fde150/client.jar"
    },
    "client_mappings": {
      "sha1": "e4d540e0cba05a6097e885dffdf363e621f87d3f",
      "size": 6437531,
      "url": "https://piston-data.mojang.com/v1/objects/e4d540e0cba05a6097e885dffdf363e621f87d3f/client.txt"
    },
    "server": {
      "sha1": "a16d67e5807f57fc4e550299cf20226194497dc2",
      "size": 43626592,
      "url": "https://piston-data.mojang.com/v1/objects/a16d67e5807f57fc4e550299cf20226194497dc2/server.jar"
    },
    "server_mappings": {
      "sha1": "f6cae1c5c1255f68ba4834b16a0da6a09621fe13",
      "size": 4953452,
      "url": "https://piston-data.mojang.com/v1/objects/f6cae1c5c1255f68ba4834b16a0da6a09621fe13/server.txt"
    }
  },
  "id": "1.17.1",
  "javaVersion": {
    "component": "java-runtime-alpha",
    "majorVersion": 16
  },
  "libraries": [
    {
      "downloads": {
        "artifact": {
          "path": "com/mojang/blocklist/1.0.5/blocklist-1.0.5.jar",
          "sha1": "9da540f21c9a8d5ed7c029e1f88d1a6dabb0d6ad",
          "size": 964,
          "url": "https://libraries.minecraft.net/com/mojang/blocklist/1.0.5/blocklist-1.0.5.jar"
        }
      },
      "name": "com.mojang:blocklist:1.0.5"
    },
    {
      "downloads": {
        "artifact": {
          "path": "com/mojang/patchy/2.1.6/patchy-2.1.6.jar",
          "sha1": "ce112c16c6275fdfff2d30208533ec906a191f71",
          "size": 10090,
          "url": "https://libraries.minecraft.net/com/mojang/patchy/2.1.6/patchy-2.1.6.jar"
        }
      },
      "name": "com.mojang:patchy:2.1.6"
    },
    {
      "downloads": {
        "artifact": {
          "path": "com/github/oshi/oshi-core/5.7.5/oshi-core-5.7.5.jar",
          "sha1": "725374463734aacde70a3b20f018aca3f922655f",
          "size": 835738,
          "url": "https://libraries.minecraft.net/com/github/oshi/oshi-core/5.7.5/oshi-core-5.7.5.jar"
        }
      },
      "name": "com.github.oshi:oshi-core:5.7.5"
    },
    {
      "downloads": {
        "artifact": {
          "path": "net/java/dev/jna/jna/5.8.0/jna-5.8.0.jar",
          "sha1": "3551d8d827e54858214107541d3aff9c615cb615",
          "size": 1729586,
          "url": "https://libraries.minecraft.net/net/java/dev/jna/jna/5.8.0/jna-5.8.0.jar"
        }
      },
      "name": "net.java.dev.jna:jna:5.8.0"
    },
    {
      "downloads": {
        "artifact": {
          "path": "net/java/dev/jna/jna-platform/5.8.0/jna-platform-5.8.0.jar",
          "sha1": "2f12f6d7f7652270d13624cef1b82d8cd9a5398e",
          "size": 1338206,
          "url": "https://libraries.minecraft.net/net/java/dev/jna/jna-platform/5.8.0/jna-platform-5.8.0.jar"
        }
      },
      "name": "net.java.dev.jna:jna-platform:5.8.0"
    },
    {
      "downloads": {
        "artifact": {
          "path": "org/slf4j/slf4j-api/1.8.0-beta4/slf4j-api-1.8.0-beta4.jar",
          "sha1": "83b0359d847ee053d745be7ec0d8e9e8a44304b4",
          "size": 44213,
          "url": "https://libraries.minecraft.net/org/slf4j/slf4j-api/1.8.0-beta4/slf4j-api-1.8.0-beta4.jar"
        }
      },
      "name": "org.slf4j:slf4j-api:1.8.0-beta4"
    },
    {
      "downloads": {
        "artifact": {
          "path": "org/apache/logging/log4j/log4j-slf4j18-impl/2.14.1/log4j-slf4j18-impl-2.14.1.jar",
          "sha1": "312b4d91b21160b9fab43600fa787f31e8cab930",
          "size": 20688,
          "url": "https://libraries.minecraft.net/org/apache/logging/log4j/log4j-slf4j18-impl/2.14.1/log4j-slf4j18-impl-2.14.1.jar"
        }
      },
      "name": "org.apache.logging.log4j:log4j-slf4j18-impl:2.14.1"
    },
    {
      "downloads": {
        "artifact": {
          "path": "com/ibm/icu/icu4j/66.1/icu4j-66.1.jar",
          "sha1": "72c7519b6d91f7a1f993bd44a99fe95d67211b27",
          "size": 12935630,
          "url": "https://libraries.minecraft.net/com/ibm/icu/icu4j/66.1/icu4j-66.1.jar"
        }
      },
      "name": "com.ibm.icu:icu4j:66.1"
    },
    {
      "downloads": {
        "artifact": {
          "path": "com/mojang/javabridge/1.1.23/javabridge-1.1.23.jar",
          "sha1": "3e5084d916ba393dfd82928ec97663aeb10b2e2c",
          "size": 6014,
          "url": "https://libraries.minecraft.net/com/mojang/javabridge/1.1.23/javabridge-1.1.23.jar"
        }
      },
      "name": "com.mojang:javabridge:1.1.23"
    },
    {
      "downloads": {
        "artifact": {
          "path": "net/sf/jopt-simple/jopt-simple/5.0.3/jopt-simple-5.0.3.jar",
          "sha1": "cdd846cfc4e0f7eefafc02c0f5dce32b9303aa2a",
          "size": 78175,
          "url": "https://libraries.minecraft.net/net/sf/jopt-simple/jopt-simple/5.0.3/jopt-simple-5.0.3.jar"
        }
      },
      "name": "net.sf.jopt-simple:jopt-simple:5.0.3"
    },
    {
      "downloads": {
        "artifact": {
          "path": "io/netty/netty-all/4.1.25.Final/netty-all-4.1.25.Final.jar",
          "sha1": "d0626cd3108294d1d58c05859add27b4ef21f83b",
          "size": 3823147,
          "url": "https://libraries.minecraft.net/io/netty/netty-all/4.1.25.Final/netty-all-4.1.25.Final.jar"
        }
      },
      "name": "io.netty:netty-all:4.1.25.Final"
    },
    {
      "downloads": {
        "artifact": {
          "path": "com/google/guava/guava/21.0/guava-21.0.jar",
          "sha1": "3a3d111be1be1b745edfa7d91678a12d7ed38709",
          "size": 2521113,
          "url": "https://libraries.minecraft.net/com/google/guava/guava/21.0/guava-21.0.jar"
        }
      },
      "name": "com.google.guava:guava:21.0"
    },
    {
      "downloads": {
        "artifact": {
          "path": "org/apache/commons/commons-lang3/3.5/commons-lang3-3.5.jar",
          "sha1": "6c6c702c89bfff3cd9e80b04d668c5e190d588c6",
          "size": 479881,
          "url": "https://libraries.minecraft.net/org/apache/commons/commons-lang3/3.5/commons-lang3-3.5.jar"
        }
      },
      "name": "org.apache.commons:commons-lang3:3.5"
    },
    {
      "downloads": {
        "artifact": {
          "path": "commons-io/commons-io/2.5/commons-io-2.5.jar",
          "sha1": "2852e6e05fbb95076fc091f6d1780f1f8fe35e0f",
          "size": 208700,
          "url": "https://libraries.minecraft.net/commons-io/commons-io/2.5/commons-io-2.5.jar"
        }
      },
      "name": "commons-io:commons-io:2.5"
    },
    {
      "downloads": {
        "artifact": {
          "path": "commons-codec/commons-codec/1.10/commons-codec-1.10.jar",
          "sha1": "4b95f4897fa13f2cd904aee711aeafc0c5295cd8",
          "size": 284184,
          "url": "https://libraries.minecraft.net/commons-codec/commons-codec/1.10/commons-codec-1.10.jar"
        }
      },
      "name": "commons-codec:commons-codec:1.10"
    },
    {
      "downloads": {
        "artifact": {
          "path": "net/java/jinput/jinput/2.0.5/jinput-2.0.5.jar",
          "sha1": "39c7796b469a600f72380316f6b1f11db6c2c7c4",
          "size": 208338,
          "url": "https://libraries.minecraft.net/net/java/jinput/jinput/2.0.5/jinput-2.0.5.jar"
        }
      },
      "name": "net.java.jinput:jinput:2.0.5"
    },
    {
      "downloads": {
        "artifact": {
          "path": "net/java/jutils/jutils/1.0.0/jutils-1.0.0.jar",
          "sha1": "e12fe1fda814bd348c1579329c86943d2cd3c6a6",
          "size": 7508,
          "url": "https://libraries.minecraft.net/net/java/jutils/jutils/1.0.0/jutils-1.0.0.jar"
        }
      },
      "name": "net.java.jutils:jutils:1.0.0"
    },
    {
      "downloads": {
        "artifact": {
          "path": "com/mojang/brigadier/1.0.18/brigadier-1.0.18.jar",
          "sha1": "c1ef1234282716483c92183f49bef47b1a89bfa9",
          "size": 77116,
          "url": "https://libraries.minecraft.net/com/mojang/brigadier/1.0.18/brigadier-1.0.18.jar"
        }
      },
      "name": "com.mojang:brigadier:1.0.18"
    },
    {
      "downloads": {
        "artifact": {
          "path": "com/mojang/datafixerupper/4.0.26/datafixerupper-4.0.26.jar",
          "sha1": "ebd6690f33871ccee9b6132c6480668ee2e35020",
          "size": 673183,
          "url": "https://libraries.minecraft.net/com/mojang/datafixerupper/4.0.26/datafixerupper-4.0.26.jar"
        }
      },
      "name": "com.mojang:datafixerupper:4.0.26"
    },
    {
      "downloads": {
        "artifact": {
          "path": "com/google/code/gson/gson/2.8.0/gson-2.8.0.jar",
          "sha1": "c4ba5371a29ac9b2ad6129b1d39ea38750043eff",
          "size": 231952,
          "url": "https://libraries.minecraft.net/com/google/code/gson/gson/2.8.0/gson-2.8.0.jar"
        }
      },
      "name": "com.google.code.gson:gson:2.8.0"
    },
    {
      "downloads": {
        "artifact": {
          "path": "com/mojang/authlib/2.3.31/authlib-2.3.31.jar",
          "sha1": "bbd00ca33b052f73a6312254780fc580d2da3535",
          "size": 87662,
          "url": "https://libraries.minecraft.net/com/mojang/authlib/2.3.31/authlib-2.3.31.jar"
        }
      },
      "name": "com.mojang:authlib:2.3.31"
    },
    {
      "downloads": {
        "artifact": {
          "path": "org/apache/commons/commons-compress/1.8.1/commons-compress-1.8.1.jar",
          "sha1": "a698750c16740fd5b3871425f4cb3bbaa87f529d",
          "size": 365552,
          "url": "https://libraries.minecraft.net/org/apache/commons/commons-compress/1.8.1/commons-compress-1.8.1.jar"
        }
      },
      "name": "org.apache.commons:commons-compress:1.8.1"
    },
    {
      "downloads": {
        "artifact": {
          "path": "org/apache/httpcomponents/httpclient/4.3.3/httpclient-4.3.3.jar",
          "sha1": "18f4247ff4572a074444572cee34647c43e7c9c7",
          "size": 589512,
          "url": "https://libraries.minecraft.net/org/apache/httpcomponents/httpclient/4.3.3/httpclient-4.3.3.jar"
        }
      },
      "name": "org.apache.httpcomponents:httpclient:4.3.3"
    },
    {
      "downloads": {
        "artifact": {
          "path": "commons-logging/commons-logging/1.1.3/commons-logging-1.1.3.jar",
          "sha1": "f6f66e966c70a83ffbdb6f17a0919eaf7c8aca7f",
          "size": 62050,
          "url": "https://libraries.minecraft.net/commons-logging/commons-logging/1.1.3/commons-logging-1.1.3.jar"
        }
      },
      "name": "commons-logging:commons-logging:1.1.3"
    },
    {
      "downloads": {
        "artifact": {
          "path": "org/apache/httpcomponents/httpcore/4.3.2/httpcore-4.3.2.jar",
          "sha1": "31fbbff1ddbf98f3aa7377c94d33b0447c646b6e",
          "size": 282269,
          "url": "https://libraries.minecraft.net/org/apache/httpcomponents/httpcore/4.3.2/httpcore-4.3.2.jar"
        }
      },
      "name": "org.apache.httpcomponents:httpcore:4.3.2"
    },
    {
      "downloads": {
        "artifact": {
          "path": "it/unimi/dsi/fastutil/8.2.1/fastutil-8.2.1.jar",
          "sha1": "5ad88f325e424f8dbc2be5459e21ea5cab3864e9",
          "size": 18800417,
          "url": "https://libraries.minecraft.net/it/unimi/dsi/fastutil/8.2.1/fastutil-8.2.1.jar"
        }
      },
      "name": "it.unimi.dsi:fastutil:8.2.1"
    },
    {
      "downloads": {
        "artifact": {
          "path": "org/apache/logging/log4j/log4j-api/2.14.1/log4j-api-2.14.1.jar",
          "sha1": "cd8858fbbde69f46bce8db1152c18a43328aae78",
          "size": 300365,
          "url": "https://libraries.minecraft.net/org/apache/logging/log4j/log4j-api/2.14.1/log4j-api-2.14.1.jar"
        }
      },
      "name": "org.apache.logging.log4j:log4j-api:2.14.1"
    },
    {
      "downloads": {
        "artifact": {
          "path": "org/apache/logging/log4j/log4j-core/2.14.1/log4j-core-2.14.1.jar",
          "sha1": "9141212b8507ab50a45525b545b39d224614528b",
          "size": 1745700,
          "url": "https://libraries.minecraft.net/org/apache/logging/log4j/log4j-core/2.14.1/log4j-core-2.14.1.jar"
        }
      },
      "name": "org.apache.logging.log4j:log4j-core:2.14.1"
    },
    {
      "downloads": {
        "artifact": {
          "path": "org/lwjgl/lwjgl/3.2.1/lwjgl-3.2.1.jar",
          "sha1": "2bb514e444994c6fece99a21f76e0c90438e377f",
          "size": 317748,
          "url": "https://libraries.minecraft.net/org/lwjgl/lwjgl/3.2.1/lwjgl-3.2.1.jar"
        }
      },
      "name": "org.lwjgl:lwjgl:3.2.1",
      "rules": [
        {
          "action": "allow",
          "os": {
            "name": "osx"
          }
        }
      ]
    },
    {
      "downloads": {
        "artifact": {
          "path": "org/lwjgl/lwjgl/3.2.2/lwjgl-3.2.2.jar",
          "sha1": "8ad6294407e15780b43e84929c40e4c5e997972e",
          "size": 321900,
          "url": "https://libraries.minecraft.net/org/lwjgl/lwjgl/3.2.2/lwjgl-3.2.2.jar"
        }
      },
      "name": "org.lwjgl:lwjgl:3.2.2",
      "rules": [
        {
          "action": "allow"
        },
        {
          "action": "disallow",
          "os": {
            "name": "osx"
          }
        }
      ]
    },
    {
      "downloads": {
        "artifact": {
          "path": "org/lwjgl/lwjgl-jemalloc/3.2.1/lwjgl-jemalloc-3.2.1.jar",
          "sha1": "7a0c583fcbec32b15784f846df536e1837d83666",
          "size": 38616,
          "url": "https://libraries.minecraft.net/org/lwjgl/lwjgl-jemalloc/3.2.1/lwjgl-jemalloc-3.2.1.jar"
        }
      },
      "name": "org.lwjgl:lwjgl-jemalloc:3.2.1",
      "rules": [
        {
          "action": "allow",
          "os": {
            "name": "osx"
          }
        }
      ]
    },
    {
      "downloads": {
        "artifact": {
          "path": "org/lwjgl/lwjgl-jemalloc/3.2.2/lwjgl-jemalloc-3.2.2.jar",
          "sha1": "ee8e57a79300f78294576d87c4a587f8c99402e2",
          "size": 34848,
          "url": "https://libraries.minecraft.net/org/lwjgl/lwjgl-jemalloc/3.2.2/lwjgl-jemalloc-3.2.2.jar"
        }
      },
      "name": "org.lwjgl:lwjgl-jemalloc:3.2.2",
      "rules": [
        {
          "action": "allow"
        },
        {
          "action": "disallow",
          "os": {
            "name": "osx"
          }
        }
      ]
    },
    {
      "downloads": {
        "artifact": {
          "path": "org/lwjgl/lwjgl-openal/3.2.1/lwjgl-openal-3.2.1.jar",
          "sha1": "dc7ff2dabb40a141ee9bf2e326d9b1b19f3278fb",
          "size": 80103,
          "url": "https://libraries.minecraft.net/org/lwjgl/lwjgl-openal/3.2.1/lwjgl-openal-3.2.1.jar"
        }
      },
      "name": "org.lwjgl:lwjgl-openal:3.2.1",
      "rules": [
        {
          "action": "allow",
          "os": {
            "name": "osx"
          }
        }
      ]
    },
    {
      "downloads": {
        "artifact": {
          "path": "org/lwjgl/lwjgl-openal/3.2.2/lwjgl-openal-3.2.2.jar",
          "sha1": "2b772a102b0a11ee5f2109a5b136f4dc7c630827",
          "size": 80012,
          "url": "https://libraries.minecraft.net/org/lwjgl/lwjgl-openal/3.2.2/lwjgl-openal-3.2.2.jar"
        }
      },
      "name": "org.lwjgl:lwjgl-openal:3.2.2",
      "rules": [
        {
          "action": "allow"
        },
        {
          "action": "disallow",
          "os": {
            "name": "osx"
          }
        }
      ]
    },
    {
      "downloads": {
        "artifact": {
          "path": "org/lwjgl/lwjgl-opengl/3.2.1/lwjgl-opengl-3.2.1.jar",
          "sha1": "57008c2374c5bc434b18adfef3f3653ee450ee18",
          "size": 931322,
          "url": "https://libraries.minecraft.net/org/lwjgl/lwjgl-opengl/3.2.1/lwjgl-opengl-3.2.1.jar"
        }
      },
      "name": "org.lwjgl:lwjgl-opengl:3.2.1",
      "rules": [
        {
          "action": "allow",
          "os": {
            "name": "osx"
          }
        }
      ]
    },
    {
      "downloads": {
        "artifact": {
          "path": "org/lwjgl/lwjgl-opengl/3.2.2/lwjgl-opengl-3.2.2.jar",
          "sha1": "6ac5bb88b44c43ea195a570aab059f63da004cd8",
          "size": 929780,
          "url": "https://libraries.minecraft.net/org/lwjgl/lwjgl-opengl/3.2.2/lwjgl-opengl-3.2.2.jar"
        }
      },
      "name": "org.lwjgl:lwjgl-opengl:3.2.2",
      "rules": [
        {
          "action": "allow"
        },
        {
          "action": "disallow",
          "os": {
            "name": "osx"
          }
        }
      ]
    },
    {
      "downloads": {
        "artifact": {
          "path": "org/lwjgl/lwjgl-glfw/3.2.1/lwjgl-glfw-3.2.1.jar",
          "sha1": "027abb7f64894b61cad163791acd8113f0b21296",
          "size": 116708,
          "url": "https://libraries.minecraft.net/org/lwjgl/lwjgl-glfw/3.2.1/lwjgl-glfw-3.2.1.jar"
        }
      },
      "name": "org.lwjgl:lwjgl-glfw:3.2.1",
      "rules": [
        {
          "action": "allow",
          "os": {
            "name": "osx"
          }
        }
      ]
    },
    {
      "downloads": {
        "artifact": {
          "path": "org/lwjgl/lwjgl-glfw/3.2.2/lwjgl-glfw-3.2.2.jar",
          "sha1": "d3ad4df38e400b8afba1de63f84338809399df5b",
          "size": 108907,
          "url": "https://libraries.minecraft.net/org/lwjgl/lwjgl-glfw/3.2.2/lwjgl-glfw-3.2.2.jar"
        }
      },
      "name": "org.lwjgl:lwjgl-glfw:3.2.2",
      "rules": [
        {
          "action": "allow"
        },
        {
          "action": "disallow",
          "os": {
            "name": "osx"
          }
        }
      ]
    },
    {
      "downloads": {
        "artifact": {
          "path": "org/lwjgl/lwjgl-stb/3.2.1/lwjgl-stb-3.2.1.jar",
          "sha1": "31f5eb5fce3791d58ec898bc5c1867d76d781ba1",
          "size": 105765,
          "url": "https://libraries.minecraft.net/org/lwjgl/lwjgl-stb/3.2.1/lwjgl-stb-3.2.1.jar"
        }
      },
      "name": "org.lwjgl:lwjgl-stb:3.2.1",
      "rules": [
        {
          "action": "allow",
          "os": {
            "name": "osx"
          }
        }
      ]
    },
    {
      "downloads": {
        "artifact": {
          "path": "org/lwjgl/lwjgl-stb/3.2.2/lwjgl-stb-3.2.2.jar",
          "sha1": "3b8e6ebc5851dd3d17e37e5cadce2eff2a429f0f",
          "size": 104469,
          "url": "https://libraries.minecraft.net/org/lwjgl/lwjgl-stb/3.2.2/lwjgl-stb-3.2.2.jar"
        }
      },
      "name": "org.lwjgl:lwjgl-stb:3.2.2",
      "rules": [
        {
          "action": "allow"
        },
        {
          "action": "disallow",
          "os": {
            "name": "osx"
          }
        }
      ]
    },
    {
      "downloads": {
        "artifact": {
          "path": "org/lwjgl/lwjgl-tinyfd/3.2.1/lwjgl-tinyfd-3.2.1.jar",
          "sha1": "259f1dbddb921e27e01b32458d6f584eb8bba13a",
          "size": 7088,
          "url": "https://libraries.minecraft.net/org/lwjgl/lwjgl-tinyfd/3.2.1/lwjgl-tinyfd-3.2.1.jar"
        }
      },
      "name": "org.lwjgl:lwjgl-tinyfd:3.2.1",
      "rules": [
        {
          "action": "allow",
          "os": {
            "name": "osx"
          }
        }
      ]
    },
    {
      "downloads": {
        "artifact": {
          "path": "org/lwjgl/lwjgl-tinyfd/3.2.2/lwjgl-tinyfd-3.2.2.jar",
          "sha1": "fcbe606c8f8da6f8f9a05e2c540eb1ee8632b0e9",
          "size": 7092,
          "url": "https://libraries.minecraft.net/org/lwjgl/lwjgl-tinyfd/3.2.2/lwjgl-tinyfd-3.2.2.jar"
        }
      },
      "name": "org.lwjgl:lwjgl-tinyfd:3.2.2",
      "rules": [
        {
          "action": "allow"
        },
        {
          "action": "disallow",
          "os": {
            "name": "osx"
          }
        }
      ]
    },
    {
      "downloads": {
        "artifact": {
          "path": "org/lwjgl/lwjgl/3.2.1/lwjgl-3.2.1.jar",
          "sha1": "2bb514e444994c6fece99a21f76e0c90438e377f",
          "size": 317748,
          "url": "https://libraries.minecraft.net/org/lwjgl/lwjgl/3.2.1/lwjgl-3.2.1.jar"
        },
        "classifiers": {
          "natives-macos": {
            "path": "org/lwjgl/lwjgl/3.2.1/lwjgl-3.2.1-natives-macos.jar",
            "sha1": "5a4c271d150906858d475603dcb9479453c60555",
            "size": 39835,
            "url": "https://libraries.minecraft.net/org/lwjgl/lwjgl/3.2.1/lwjgl-3.2.1-natives-macos.jar"
          }
        }
      },
      "name": "org.lwjgl:lwjgl:3.2.1",
      "natives": {
        "osx": "natives-macos"
      },
      "rules": [
        {
          "action": "allow",
          "os": {
            "name": "osx"
          }
        }
      ]
    },
    {
      "downloads": {
        "artifact": {
          "path": "org/lwjgl/lwjgl/3.2.2/lwjgl-3.2.2.jar",
          "sha1": "8ad6294407e15780b43e84929c40e4c5e997972e",
          "size": 321900,
          "url": "https://libraries.minecraft.net/org/lwjgl/lwjgl/3.2.2/lwjgl-3.2.2.jar"
        },
        "classifiers": {
          "natives-linux": {
            "path": "org/lwjgl/lwjgl/3.2.2/lwjgl-3.2.2-natives-linux.jar",
            "sha1": "ae7976827ca2a3741f6b9a843a89bacd637af350",
            "size": 124776,
            "url": "https://libraries.minecraft.net/org/lwjgl/lwjgl/3.2.2/lwjgl-3.2.2-natives-linux.jar"
          },
          "natives-windows": {
            "path": "org/lwjgl/lwjgl/3.2.2/lwjgl-3.2.2-natives-windows.jar",
            "sha1": "05359f3aa50d36352815fc662ea73e1c00d22170",
            "size": 279593,
            "url": "https://libraries.minecraft.net/org/lwjgl/lwjgl/3.2.2/lwjgl-3.2.2-natives-windows.jar"
          }
        }
      },
      "name": "org.lwjgl:lwjgl:3.2.2",
      "natives": {
        "linux": "natives-linux",
        "windows": "natives-windows"
      },
      "rules": [
        {
          "action": "allow"
        },
        {
          "action": "disallow",
          "os": {
            "name": "osx"
          }
        }
      ]
    },
    {
      "downloads": {
        "artifact": {
          "path": "org/lwjgl/lwjgl-jemalloc/3.2.1/lwjgl-jemalloc-3.2.1.jar",
          "sha1": "7a0c583fcbec32b15784f846df536e1837d83666",
          "size": 38616,
          "url": "https://libraries.minecraft.net/org/lwjgl/lwjgl-jemalloc/3.2.1/lwjgl-jemalloc-3.2.1.jar"
        },
        "classifiers": {
          "natives-macos": {
            "path": "org/lwjgl/lwjgl-jemalloc/3.2.1/lwjgl-jemalloc-3.2.1-natives-macos.jar",
            "sha1": "439ab9d0264167a949cc7bcce673704322baaf50",
            "size": 117001,
            "url": "https://libraries.minecraft.net/org/lwjgl/lwjgl-jemalloc/3.2.1/lwjgl-jemalloc-3.2.1-natives-macos.jar"
          }
        }
      },
      "name": "org.lwjgl:lwjgl-jemalloc:3.2.1",
      "natives": {
        "osx": "natives-macos"
      },
      "rules": [
        {
          "action": "allow",
          "os": {
            "name": "osx"
          }
        }
      ]
    },
    {
      "downloads": {
        "artifact": {
          "path": "org/lwjgl/lwjgl-jemalloc/3.2.2/lwjgl-jemalloc-3.2.2.jar",
          "sha1": "ee8e57a79300f78294576d87c4a587f8c99402e2",
          "size": 34848,
          "url": "https://libraries.minecraft.net/org/lwjgl/lwjgl-jemalloc/3.2.2/lwjgl-jemalloc-3.2.2.jar"
        },
        "classifiers": {
          "natives-linux": {
            "path": "org/lwjgl/lwjgl-jemalloc/3.2.2/lwjgl-jemalloc-3.2.2-natives-linux.jar",
            "sha1": "268c08a150347e04e44ba56e359d62c9b78669df",
            "size": 156173,
            "url": "https://libraries.minecraft.net/org/lwjgl/lwjgl-jemalloc/3.2.2/lwjgl-jemalloc-3.2.2-natives-linux.jar"
          },
          "natives-windows": {
            "path": "org/lwjgl/lwjgl-jemalloc/3.2.2/lwjgl-jemalloc-3.2.2-natives-windows.jar",
            "sha1": "338b25b99da3ba5f441f6492f2ce2a9c608860ed",
            "size": 220623,
            "url": "https://libraries.minecraft.net/org/lwjgl/lwjgl-jemalloc/3.2.2/lwjgl-jemalloc-3.2.2-natives-windows.jar"
          }
        }
      },
      "name": "org.lwjgl:lwjgl-jemalloc:3.2.2",
      "natives": {
        "linux": "natives-linux",
        "windows": "natives-windows"
      },
      "rules": [
        {
          "action": "allow"
        },
        {
          "action": "disallow",
          "os": {
            "name": "osx"
          }
        }
      ]
    },
    {
      "downloads": {
        "artifact": {
          "path": "org/lwjgl/lwjgl-openal/3.2.1/lwjgl-openal-3.2.1.jar",
          "sha1": "dc7ff2dabb40a141ee9bf2e326d9b1b19f3278fb",
          "size": 80103,
          "url": "https://libraries.minecraft.net/org/lwjgl/lwjgl-openal/3.2.1/lwjgl-openal-3.2.1.jar"
        },
        "classifiers": {
          "natives-macos": {
            "path": "org/lwjgl/lwjgl-openal/3.2.1/lwjgl-openal-3.2.1-natives-macos.jar",
            "sha1": "9357ebfc82a0d6f64e17093dd963219367cd6fa2",
            "size": 528004,
            "url": "https://libraries.minecraft.net/org/lwjgl/lwjgl-openal/3.2.1/lwjgl-openal-3.2.1-natives-macos.jar"
          }
        }
      },
      "name": "org.lwjgl:lwjgl-openal:3.2.1",
      "natives": {
        "osx": "natives-macos"
      },
      "rules": [
        {
          "action": "allow",
          "os": {
            "name": "osx"
          }
        }
      ]
    },
    {
      "downloads": {
        "artifact": {
          "path": "org/lwjgl/lwjgl-openal/3.2.2/lwjgl-openal-3.2.2.jar",
          "sha1": "2b772a102b0a11ee5f2109a5b136f4dc7c630827",
          "size": 80012,
          "url": "https://libraries.minecraft.net/org/lwjgl/lwjgl-openal/3.2.2/lwjgl-openal-3.2.2.jar"
        },
        "classifiers": {
          "natives-linux": {
            "path": "org/lwjgl/lwjgl-openal/3.2.2/lwjgl-openal-3.2.2-natives-linux.jar",
            "sha1": "0364f9f5c3947393083ab5f37a571f5603aadd0b",
            "size": 590997,
            "url": "https://libraries.minecraft.net/org/lwjgl/lwjgl-openal/3.2.2/lwjgl-openal-3.2.2-natives-linux.jar"
          },
          "natives-windows": {
            "path": "org/lwjgl/lwjgl-openal/3.2.2/lwjgl-openal-3.2.2-natives-windows.jar",
            "sha1": "ec20a7d42a2438528fca87e60b1705f1e2339ddb",
            "size": 1310102,
            "url": "https://libraries.minecraft.net/org/lwjgl/lwjgl-openal/3.2.2/lwjgl-openal-3.2.2-natives-windows.jar"
          }
        }
      },
      "name": "org.lwjgl:lwjgl-openal:3.2.2",
      "natives": {
        "linux": "natives-linux",
        "windows": "natives-windows"
      },
      "rules": [
        {
          "action": "allow"
        },
        {
          "action": "disallow",
          "os": {
            "name": "osx"
          }
        }
      ]
    },
    {
      "downloads": {
        "artifact": {
          "path": "org/lwjgl/lwjgl-opengl/3.2.1/lwjgl-opengl-3.2.1.jar",
          "sha1": "57008c2374c5bc434b18adfef3f3653ee450ee18",
          "size": 931322,
          "url": "https://libraries.minecraft.net/org/lwjgl/lwjgl-opengl/3.2.1/lwjgl-opengl-3.2.1.jar"
        },
        "classifiers": {
          "natives-macos": {
            "path": "org/lwjgl/lwjgl-opengl/3.2.1/lwjgl-opengl-3.2.1-natives-macos.jar",
            "sha1": "dca9ad9e59a87172144d531e08ef7f6988073db0",
            "size": 38998,
            "url": "https://libraries.minecraft.net/org/lwjgl/lwjgl-opengl/3.2.1/lwjgl-opengl-3.2.1-natives-macos.jar"
          }
        }
      },
      "name": "org.lwjgl:lwjgl-opengl:3.2.1",
      "natives": {
        "osx": "natives-macos"
      },
      "rules": [
        {
          "action": "allow",
          "os": {
            "name": "osx"
          }
        }
      ]
    },
    {
      "downloads": {
        "artifact": {
          "path": "org/lwjgl/lwjgl-opengl/3.2.2/lwjgl-opengl-3.2.2.jar",
          "sha1": "6ac5bb88b44c43ea195a570aab059f63da004cd8",
          "size": 929780,
          "url": "https://libraries.minecraft.net/org/lwjgl/lwjgl-opengl/3.2.2/lwjgl-opengl-3.2.2.jar"
        },
        "classifiers": {
          "natives-linux": {
            "path": "org/lwjgl/lwjgl-opengl/3.2.2/lwjgl-opengl-3.2.2-natives-linux.jar",
            "sha1": "338d33387919cb3f4cdba143c2b738a71ccfda60",
            "size": 77392,
            "url": "https://libraries.minecraft.net/org/lwjgl/lwjgl-opengl/3.2.2/lwjgl-opengl-3.2.2-natives-linux.jar"
          },
          "natives-windows": {
            "path": "org/lwjgl/lwjgl-opengl/3.2.2/lwjgl-opengl-3.2.2-natives-windows.jar",
            "sha1": "d8dcdc91066cae2d2d8279cb4a9f9f05d9525826",
            "size": 170798,
            "url": "https://libraries.minecraft.net/org/lwjgl/lwjgl-opengl/3.2.2/lwjgl-opengl-3.2.2-natives-windows.jar"
          }
        }
      },
      "name": "org.lwjgl:lwjgl-opengl:3.2.2",
      "natives": {
        "linux": "natives-linux",
        "windows": "natives-windows"
      },
      "rules": [
        {
          "action": "allow"
        },
        {
          "action": "disallow",
          "os": {
            "name": "osx"
          }
        }
      ]
    },
    {
      "downloads": {
        "artifact": {
          "path": "org/lwjgl/lwjgl-glfw/3.2.1/lwjgl-glfw-3.2.1.jar",
          "sha1": "027abb7f64894b61cad163791acd8113f0b21296",
          "size": 116708,
          "url": "https://libraries.minecraft.net/org/lwjgl/lwjgl-glfw/3.2.1/lwjgl-glfw-3.2.1.jar"
        },
        "classifiers": {
          "natives-macos": {
            "path": "org/lwjgl/lwjgl-glfw/3.2.1/lwjgl-glfw-3.2.1-natives-macos.jar",
            "sha1": "72fe6dab6110a5a1cd4833f11840eef7b2eadce5",
            "size": 64724,
            "url": "https://libraries.minecraft.net/org/lwjgl/lwjgl-glfw/3.2.1/lwjgl-glfw-3.2.1-natives-macos.jar"
          }
        }
      },
      "name": "org.lwjgl:lwjgl-glfw:3.2.1",
      "natives": {
        "osx": "natives-macos"
      },
      "rules": [
        {
          "action": "allow",
          "os": {
            "name": "osx"
          }
        }
      ]
    },
    {
      "downloads": {
        "artifact": {
          "path": "org/lwjgl/lwjgl-glfw/3.2.2/lwjgl-glfw-3.2.2.jar",
          "sha1": "d3ad4df38e400b8afba1de63f84338809399df5b",
          "size": 108907,
          "url": "https://libraries.minecraft.net/org/lwjgl/lwjgl-glfw/3.2.2/lwjgl-glfw-3.2.2.jar"
        },
        "classifiers": {
          "natives-linux": {
            "path": "org/lwjgl/lwjgl-glfw/3.2.2/lwjgl-glfw-3.2.2-natives-linux.jar",
            "sha1": "0957733f26a6661d4883da0335f7ef46d3bbbd7d",
            "size": 159198,
            "url": "https://libraries.minecraft.net/org/lwjgl/lwjgl-glfw/3.2.2/lwjgl-glfw-3.2.2-natives-linux.jar"
          },
          "natives-windows": {
            "path": "org/lwjgl/lwjgl-glfw/3.2.2/lwjgl-glfw-3.2.2-natives-windows.jar",
            "sha1": "dc6826d636bf796b33a49038c354210e661bfc17",
            "size": 266648,
            "url": "https://libraries.minecraft.net/org/lwjgl/lwjgl-glfw/3.2.2/lwjgl-glfw-3.2.2-natives-windows.jar"
          }
        }
      },
      "name": "org.lwjgl:lwjgl-glfw:3.2.2",
      "natives": {
        "linux": "natives-linux",
        "windows": "natives-windows"
      },
      "rules": [
        {
          "action": "allow"
        },
        {
          "action": "disallow",
          "os": {
            "name": "osx"
          }
        }
      ]
    },
    {
      "downloads": {
        "artifact": {
          "path": "org/lwjgl/lwjgl-stb/3.2.1/lwjgl-stb-3.2.1.jar",
          "sha1": "31f5eb5fce3791d58ec898bc5c1867d76d781ba1",
          "size": 105765,
          "url": "https://libraries.minecraft.net/org/lwjgl/lwjgl-stb/3.2.1/lwjgl-stb-3.2.1.jar"
        },
        "classifiers": {
          "natives-macos": {
            "path": "org/lwjgl/lwjgl-stb/3.2.1/lwjgl-stb-3.2.1-natives-macos.jar",
            "sha1": "1f5615c952451c30afafba4a6e3ba4e1cd9e7f5c",
            "size": 192364,
            "url": "https://libraries.minecraft.net/org/lwjgl/lwjgl-stb/3.2.1/lwjgl-stb-3.2.1-natives-macos.jar"
          }
        }
      },
      "name": "org.lwjgl:lwjgl-stb:3.2.1",
      "natives": {
        "osx": "natives-macos"
      },
      "rules": [
        {
          "action": "allow",
          "os": {
            "name": "osx"
          }
        }
      ]
    },
    {
      "downloads": {
        "artifact": {
          "path": "org/lwjgl/lwjgl-tinyfd/3.2.2/lwjgl-tinyfd-3.2.2.jar",
          "sha1": "fcbe606c8f8da6f8f9a05e2c540eb1ee8632b0e9",
          "size": 7092,
          "url": "https://libraries.minecraft.net/org/lwjgl/lwjgl-tinyfd/3.2.2/lwjgl-tinyfd-3.2.2.jar"
        },
        "classifiers": {
          "natives-linux": {
            "path": "org/lwjgl/lwjgl-tinyfd/3.2.2/lwjgl-tinyfd-3.2.2-natives-linux.jar",
            "sha1": "39e35b161c130635d9c8918ce04e887a30c5b687",
            "size": 38804,
            "url": "https://libraries.minecraft.net/org/lwjgl/lwjgl-tinyfd/3.2.2/lwjgl-tinyfd-3.2.2-natives-linux.jar"
          },
          "natives-windows": {
            "path": "org/lwjgl/lwjgl-tinyfd/3.2.2/lwjgl-tinyfd-3.2.2-natives-windows.jar",
            "sha1": "e9115958773644e863332a6a06488d26f9e1fc9f",
            "size": 208314,
            "url": "https://libraries.minecraft.net/org/lwjgl/lwjgl-tinyfd/3.2.2/lwjgl-tinyfd-3.2.2-natives-windows.jar"
          }
        }
      },
      "name": "org.lwjgl:lwjgl-tinyfd:3.2.2",
      "natives": {
        "linux": "natives-linux",
        "windows": "natives-windows"
      },
      "rules": [
        {
          "action": "allow"
        },
        {
          "action": "disallow",
          "os": {
            "name": "osx"
          }
        }
      ]
    },
    {
      "downloads": {
        "artifact": {
          "path": "org/lwjgl/lwjgl-tinyfd/3.2.1/lwjgl-tinyfd-3.2.1.jar",
          "sha1": "259f1dbddb921e27e01b32458d6f584eb8bba13a",
          "size": 7088,
          "url": "https://libraries.minecraft.net/org/lwjgl/lwjgl-tinyfd/3.2.1/lwjgl-tinyfd-3.2.1.jar"
        },
        "classifiers": {
          "natives-macos": {
            "path": "org/lwjgl/lwjgl-tinyfd/3.2.1/lwjgl-tinyfd-3.2.1-natives-macos.jar",
            "sha1": "759c2fd9cc5c6ce0b5b7af77ac8200483b7fb660",
            "size": 41962,
            "url": "https://libraries.minecraft.net/org/lwjgl/lwjgl-tinyfd/3.2.1/lwjgl-tinyfd-3.2.1-natives-macos.jar"
          }
        }
      },
      "name": "org.lwjgl:lwjgl-tinyfd:3.2.1",
      "natives": {
        "osx": "natives-macos"
      },
      "rules": [
        {
          "action": "allow",
          "os": {
            "name": "osx"
          }
        }
      ]
    },
    {
      "downloads": {
        "artifact": {
          "path": "org/lwjgl/lwjgl-stb/3.2.2/lwjgl-stb-3.2.2.jar",
          "sha1": "3b8e6ebc5851dd3d17e37e5cadce2eff2a429f0f",
          "size": 104469,
          "url": "https://libraries.minecraft.net/org/lwjgl/lwjgl-stb/3.2.2/lwjgl-stb-3.2.2.jar"
        },
        "classifiers": {
          "natives-linux": {
            "path": "org/lwjgl/lwjgl-stb/3.2.2/lwjgl-stb-3.2.2-natives-linux.jar",
            "sha1": "172c52e586fecf43f759bc4f70a778c01f6fdcc1",
            "size": 203476,
            "url": "https://libraries.minecraft.net/org/lwjgl/lwjgl-stb/3.2.2/lwjgl-stb-3.2.2-natives-linux.jar"
          },
          "natives-windows": {
            "path": "org/lwjgl/lwjgl-stb/3.2.2/lwjgl-stb-3.2.2-natives-windows.jar",
            "sha1": "811f705cbb29e8ae8d60bdf8fdd38c0c123ad3ef",
            "size": 465810,
            "url": "https://libraries.minecraft.net/org/lwjgl/lwjgl-stb/3.2.2/lwjgl-stb-3.2.2-natives-windows.jar"
          }
        }
      },
      "name": "org.lwjgl:lwjgl-stb:3.2.2",
      "natives": {
        "linux": "natives-linux",
        "windows": "natives-windows"
      },
      "rules": [
        {
          "action": "allow"
        },
        {
          "action": "disallow",
          "os": {
            "name": "osx"
          }
        }
      ]
    },
    {
      "downloads": {
        "artifact": {
          "path": "com/mojang/text2speech/1.11.3/text2speech-1.11.3.jar",
          "sha1": "f378f889797edd7df8d32272c06ca80a1b6b0f58",
          "size": 13164,
          "url": "https://libraries.minecraft.net/com/mojang/text2speech/1.11.3/text2speech-1.11.3.jar"
        }
      },
      "name": "com.mojang:text2speech:1.11.3"
    },
    {
      "downloads": {
        "artifact": {
          "path": "com/mojang/text2speech/1.11.3/text2speech-1.11.3.jar",
          "sha1": "f378f889797edd7df8d32272c06ca80a1b6b0f58",
          "size": 13164,
          "url": "https://libraries.minecraft.net/com/mojang/text2speech/1.11.3/text2speech-1.11.3.jar"
        },
        "classifiers": {
          "natives-linux": {
            "path": "com/mojang/text2speech/1.11.3/text2speech-1.11.3-natives-linux.jar",
            "sha1": "ac641755a2a841d1fca9e660194f42523ee5cfe0",
            "size": 7833,
            "url": "https://libraries.minecraft.net/com/mojang/text2speech/1.11.3/text2speech-1.11.3-natives-linux.jar"
          },
          "natives-windows": {
            "path": "com/mojang/text2speech/1.11.3/text2speech-1.11.3-natives-windows.jar",
            "sha1": "c0b242c0091be5acbf303263c7eeeaedd70544c7",
            "size": 81379,
            "url": "https://libraries.minecraft.net/com/mojang/text2speech/1.11.3/text2speech-1.11.3-natives-windows.jar"
          }
        }
      },
      "extract": {
        "exclude": [
          "META-INF/"
        ]
      },
      "name": "com.mojang:text2speech:1.11.3",
      "natives": {
        "linux": "natives-linux",
        "windows": "natives-windows"
      }
    },
    {
      "downloads": {
        "artifact": {
          "path": "ca/weblite/java-objc-bridge/1.0.0/java-objc-bridge-1.0.0.jar",
          "sha1": "6ef160c3133a78de015830860197602ca1c855d3",
          "size": 40502,
          "url": "https://libraries.minecraft.net/ca/weblite/java-objc-bridge/1.0.0/java-objc-bridge-1.0.0.jar"
        },
        "classifiers": {
          "natives-osx": {
            "path": "ca/weblite/java-objc-bridge/1.0.0/java-objc-bridge-1.0.0-natives-osx.jar",
            "sha1": "08befab4894d55875f33c3d300f4f71e6e828f64",
            "size": 5629,
            "url": "https://libraries.minecraft.net/ca/weblite/java-objc-bridge/1.0.0/java-objc-bridge-1.0.0-natives-osx.jar"
          }
        }
      },
      "extract": {
        "exclude": [
          "META-INF/"
        ]
      },
      "name": "ca.weblite:java-objc-bridge:1.0.0",
      "natives": {
        "osx": "natives-osx"
      },
      "rules": [
        {
          "action": "allow",
          "os": {
            "name": "osx"
          }
        }
      ]
    },
    {
      "downloads": {
        "artifact": {
          "path": "ca/weblite/java-objc-bridge/1.0.0/java-objc-bridge-1.0.0.jar",
          "sha1": "6ef160c3133a78de015830860197602ca1c855d3",
          "size": 40502,
          "url": "https://libraries.minecraft.net/ca/weblite/java-objc-bridge/1.0.0/java-objc-bridge-1.0.0.jar"
        }
      },
      "name": "ca.weblite:java-objc-bridge:1.0.0",
      "rules": [
        {
          "action": "allow",
          "os": {
            "name": "osx"
          }
        }
      ]
    }
  ],
  "logging": {
    "client": {
      "argument": "-Dlog4j.configurationFile=${path}",
      "file": {
        "id": "client-1.12.xml",
        "sha1": "bd65e7d2e3c237be76cfbef4c2405033d7f91521",
        "size": 888,
        "url": "https://piston-data.mojang.com/v1/objects/bd65e7d2e3c237be76cfbef4c2405033d7f91521/client-1.12.xml"
      },
      "type": "log4j2-xml"
    }
  },
  "mainClass": "net.minecraft.client.main.Main",
  "minimumLauncherVersion": 21,
  "releaseTime": "2021-07-06T20:01:34+08:00",
  "time": "2021-07-06T20:01:34+08:00",
  "type": "release",
  "clientVersion": "1.17.1"
}