{
  "assetIndex": {
    "id": "1.7.3",
    "sha1": "f6cf726f4747128d13887010c2cbc44ba83504d9",
    "size": 59227,
    "totalSize": 111272869,
    "url": "https://launchermeta.mojang.com/v1/packages/f6cf726f4747128d13887010c2cbc44ba83504d9/1.7.3.json"
  },
  "assets": "1.7.3",
  "complianceLevel": 0,
  "downloads": {
    "client": {
      "sha1": "feaf10fa9da94c388f2c53a2cf31a14406d0c532",
      "size": 5206064,
      "url": "https://launcher.mojang.com/v1/objects/feaf10fa9da94c388f2c53a2cf31a14406d0c532/client.jar"
    },
    "server": {
      "sha1": "707857a7bc7bf54fe60d557cca71004c34aa07bb",
      "size": 9170432,
      "url": "https://launcher.mojang.com/v1/objects/707857a7bc7bf54fe60d557cca71004c34aa07bb/server.jar"
    },
    "windows_server": {
      "sha1": "cc590b8d6c88d25010b910e5596111bb8d06e446",
      "size": 9566208,
      "url": "https://launcher.mojang.com/v1/objects/cc590b8d6c88d25010b910e5596111bb8d06e446/windows_server.exe"
    }
  },
  "id": "1.7.3",
  "javaVersion": {
    "component": "jre-legacy",
    "majorVersion": 8
  },
  "libraries": [
    {
      "downloads": {
        "artifact": {
          "path": "com/mojang/netty/1.8.8/netty-1.8.8.jar",
          "sha1": "0a796914d1c8a55b4da9f4a8856dd9623375d8bb",
          "size": 15966,
          "url": "https://libraries.minecraft.net/com/mojang/netty/1.8.8/netty-1.8.8.jar"
        }
      },
      "name": "com.mojang:netty:1.8.8"
    },
    {
      "downloads": {
        "artifact": {
          "path": "java3d/vecmath/1.3.1/vecmath-1.3.1.jar",
          "sha1": "a0ae4f51da409fa0c20fa0ca59e6bbc9413ae71d",
          "size": 289881,
          "url": "https://libraries.minecraft.net/java3d/vecmath/1.3.1/vecmath-1.3.1.jar"
        }
      },
      "name": "java3d:vecmath:1.3.1"
    },
    {
      "downloads": {
        "artifact": {
          "path": "net/sf/trove4j/trove4j/3.0.3/trove4j-3.0.3.jar",
          "sha1": "42ccaf4761f0dfdfa805c9e340d99a755907e2dd",
          "size": 2523218,
          "url": "https://libraries.minecraft.net/net/sf/trove4j/trove4j/3.0.3/trove4j-3.0.3.jar"
        }
      },
      "name": "net.sf.trove4j:trove4j:3.0.3"
    },
    {
      "downloads": {
        "artifact": {
          "path": "com/ibm/icu/icu4j-core-mojang/51.2/icu4j-core-mojang-51.2.jar",
          "sha1": "63d216a9311cca6be337c1e458e587f99d382b84",
          "size": 1634692,
          "url": "https://libraries.minecraft.net/com/ibm/icu/icu4j-core-mojang/51.2/icu4j-core-mojang-51.2.jar"
        }
      },
      "name": "com.ibm.icu:icu4j-core-mojang:51.2"
    },
    {
      "downloads": {
        "artifact": {
          "path": "net/sf/jopt-simple/jopt-simple/4.5/jopt-simple-4.5.jar",
          "sha1": "6065cc95c661255349c1d0756657be17c29a4fd3",
          "size": 61311,
          "url": "https://libraries.minecraft.net/net/sf/jopt-simple/jopt-simple/4.5/jopt-simple-4.5.jar"
        }
      },
      "name": "net.sf.jopt-simple:jopt-simple:4.5"
    },
    {
      "downloads": {
        "artifact": {
          "path": "com/paulscode/codecjorbis/20101023/codecjorbis-20101023.jar",
          "sha1": "c73b5636faf089d9f00e8732a829577de25237ee",
          "size": 103871,
          "url": "https://libraries.minecraft.net/com/paulscode/codecjorbis/20101023/codecjorbis-20101023.jar"
        }
      },
      "name": "com.paulscode:codecjorbis:20101023"
    },
    {
      "downloads": {
        "artifact": {
          "path": "com/paulscode/codecwav/20101023/codecwav-20101023.jar",
          "sha1": "12f031cfe88fef5c1dd36c563c0a3a69bd7261da",
          "size": 5618,
          "url": "https://libraries.minecraft.net/com/paulscode/codecwav/20101023/codecwav-20101023.jar"
        }
      },
      "name": "com.paulscode:codecwav:20101023"
    },
    {
      "downloads": {
        "artifact": {
          "path": "com/paulscode/libraryjavasound/20101123/libraryjavasound-20101123.jar",
          "sha1": "5c5e304366f75f9eaa2e8cca546a1fb6109348b3",
          "size": 21679,
          "url": "https://libraries.minecraft.net/com/paulscode/libraryjavasound/20101123/libraryjavasound-20101123.jar"
        }
      },
      "name": "com.paulscode:libraryjavasound:20101123"
    },
    {
      "downloads": {
        "artifact": {
          "path": "com/paulscode/librarylwjglopenal/20100824/librarylwjglopenal-20100824.jar",
          "sha1": "73e80d0794c39665aec3f62eee88ca91676674ef",
          "size": 18981,
          "url": "https://libraries.minecraft.net/com/paulscode/librarylwjglopenal/20100824/librarylwjglopenal-20100824.jar"
        }
      },
      "name": "com.paulscode:librarylwjglopenal:20100824"
    },
    {
      "downloads": {
        "artifact": {
          "path": "com/paulscode/soundsystem/20120107/soundsystem-20120107.jar",
          "sha1": "419c05fe9be71f792b2d76cfc9b67f1ed0fec7f6",
          "size": 65020,
          "url": "https://libraries.minecraft.net/com/paulscode/soundsystem/20120107/soundsystem-20120107.jar"
        }
      },
      "name": "com.paulscode:soundsystem:20120107"
    },
    {
      "downloads": {
        "artifact": {
          "path": "io/netty/netty-all/4.0.10.Final/netty-all-4.0.10.Final.jar",
          "sha1": "9e50bd52ffe257a0e2cd8d971688d6ce7d174325",
          "size": 1452995,
          "url": "https://libraries.minecraft.net/io/netty/netty-all/4.0.10.Final/netty-all-4.0.10.Final.jar"
        }
      },
      "name": "io.netty:netty-all:4.0.10.Final"
    },
    {
      "downloads": {
        "artifact": {
          "path": "com/google/guava/guava/15.0/guava-15.0.jar",
          "sha1": "ed727a8d9f247e2050281cb083f1c77b09dcb5cd",
          "size": 2172168,
          "url": "https://libraries.minecraft.net/com/google/guava/guava/15.0/guava-15.0.jar"
        }
      },
      "name": "com.google.guava:guava:15.0"
    },
    {
      "downloads": {
        "artifact": {
          "path": "org/apache/commons/commons-lang3/3.1/commons-lang3-3.1.jar",
          "sha1": "905075e6c80f206bbe6cf1e809d2caa69f420c76",
          "size": 315805,
          "url": "https://libraries.minecraft.net/org/apache/commons/commons-lang3/3.1/commons-lang3-3.1.jar"
        }
      },
      "name": "org.apache.commons:commons-lang3:3.1"
    },
    {
      "downloads": {
        "artifact": {
          "path": "commons-io/commons-io/2.4/commons-io-2.4.jar",
          "sha1": "b1b6ea3b7e4aa4f492509a4952029cd8e48019ad",
          "size": 185140,
          "url": "https://libraries.minecraft.net/commons-io/commons-io/2.4/commons-io-2.4.jar"
        }
      },
      "name": "commons-io:commons-io:2.4"
    },
    {
      "downloads": {
        "artifact": {
          "path": "net/java/jinput/jinput/2.0.5/jinput-2.0.5.jar",
          "sha1": "39c7796b469a600f72380316f6b1f11db6c2c7c4",
          "size": 208338,
          "url": "https://libraries.minecraft.net/net/java/jinput/jinput/2.0.5/jinput-2.0.5.jar"
        }
      },
      "name": "net.java.jinput:jinput:2.0.5"
    },
    {
      "downloads": {
        "artifact": {
          "path": "net/java/jutils/jutils/1.0.0/jutils-1.0.0.jar",
          "sha1": "e12fe1fda814bd348c1579329c86943d2cd3c6a6",
          "size": 7508,
          "url": "https://libraries.minecraft.net/net/java/jutils/jutils/1.0.0/jutils-1.0.0.jar"
        }
      },
      "name": "net.java.jutils:jutils:1.0.0"
    },
    {
      "downloads": {
        "artifact": {
          "path": "com/google/code/gson/gson/2.2.4/gson-2.2.4.jar",
          "sha1": "a60a5e993c98c864010053cb901b7eab25306568",
          "size": 190432,
          "url": "https://libraries.minecraft.net/com/google/code/gson/gson/2.2.4/gson-2.2.4.jar"
        }
      },
      "name": "com.google.code.gson:gson:2.2.4"
    },
    {
      "downloads": {
        "artifact": {
          "path": "com/mojang/authlib/1.2/authlib-1.2.jar",
          "sha1": "131dd1b52112d1d1c6bae79b9d17acb7650dbcbe",
          "size": 34601,
          "url": "https://libraries.minecraft.net/com/mojang/authlib/1.2/authlib-1.2.jar"
        }
      },
      "name": "com.mojang:authlib:1.2"
    },
    {
      "downloads": {
        "artifact": {
          "path": "org/apache/logging/log4j/log4j-api/2.0-beta9/log4j-api-2.0-beta9.jar",
          "sha1": "1dd66e68cccd907880229f9e2de1314bd13ff785",
          "size": 108161,
          "url": "https://libraries.minecraft.net/org/apache/logging/log4j/log4j-api/2.0-beta9/log4j-api-2.0-beta9.jar"
        }
      },
      "name": "org.apache.logging.log4j:log4j-api:2.0-beta9"
    },
    {
      "downloads": {
        "artifact": {
          "path": "org/apache/logging/log4j/log4j-core/2.0-beta9/log4j-core-2.0-beta9.jar",
          "sha1": "678861ba1b2e1fccb594bb0ca03114bb05da9695",
          "size": 681134,
          "url": "https://libraries.minecraft.net/org/apache/logging/log4j/log4j-core/2.0-beta9/log4j-core-2.0-beta9.jar"
        }
      },
      "name": "org.apache.logging.log4j:log4j-core:2.0-beta9"
    },
    {
      "downloads": {
        "artifact": {
          "path": "org/lwjgl/lwjgl/lwjgl/2.9.1-nightly-20131120/lwjgl-2.9.1-nightly-20131120.jar",
          "sha1": "8e4b196ac3cbd364d8bdb245a055db81426a3304",
          "size": 1014767,
          "url": "https://libraries.minecraft.net/org/lwjgl/lwjgl/lwjgl/2.9.1-nightly-20131120/lwjgl-2.9.1-nightly-20131120.jar"
        }
      },
      "name": "org.lwjgl.lwjgl:lwjgl:2.9.1-nightly-20131120"
    },
    {
      "downloads": {
        "artifact": {
          "path": "org/lwjgl/lwjgl/lwjgl_util/2.9.1-nightly-20131120/lwjgl_util-2.9.1-nightly-20131120.jar",
          "sha1": "cd74579c20c3f538e82529e8f9bfcc9295befe92",
          "size": 173887,
          "url": "https://libraries.minecraft.net/org/lwjgl/lwjgl/lwjgl_util/2.9.1-nightly-20131120/lwjgl_util-2.9.1-nightly-20131120.jar"
        }
      },
      "name": "org.lwjgl.lwjgl:lwjgl_util:2.9.1-nightly-20131120"
    },
    {
      "downloads": {
        "classifiers": {
          "natives-linux": {
            "path": "org/lwjgl/lwjgl/lwjgl-platform/2.9.1-nightly-20131120/lwjgl-platform-2.9.1-nightly-20131120-natives-linux.jar",
            "sha1": "94860428a5a2c5b5bbd28f0f7a7328cb09e19e61",
            "size": 571429,
            "url": "https://libraries.minecraft.net/org/lwjgl/lwjgl/lwjgl-platform/2.9.1-nightly-20131120/lwjgl-platform-2.9.1-nightly-20131120-natives-linux.jar"
          },
          "natives-osx": {
            "path": "org/lwjgl/lwjgl/lwjgl-platform/2.9.1-nightly-20131120/lwjgl-platform-2.9.1-nightly-20131120-natives-osx.jar",
            "sha1": "d589214b69ac486d5e6466a6a15f77cf78c8b411",
            "size": 527201,
            "url": "https://libraries.minecraft.net/org/lwjgl/lwjgl/lwjgl-platform/2.9.1-nightly-20131120/lwjgl-platform-2.9.1-nightly-20131120-natives-osx.jar"
          },
          "natives-windows": {
            "path": "org/lwjgl/lwjgl/lwjgl-platform/2.9.1-nightly-20131120/lwjgl-platform-2.9.1-nightly-20131120-natives-windows.jar",
            "sha1": "d2330e003d621521b11dc729a8f8d5aa21875ca7",
            "size": 611339,
            "url": "https://libraries.minecraft.net/org/lwjgl/lwjgl/lwjgl-platform/2.9.1-nightly-20131120/lwjgl-platform-2.9.1-nightly-20131120-natives-windows.jar"
          }
        }
      },
      "extract": {
        "exclude": [
          "META-INF/"
        ]
      },
      "name": "org.lwjgl.lwjgl:lwjgl-platform:2.9.1-nightly-20131120",
      "natives": {
        "linux": "natives-linux",
        "osx": "natives-osx",
        "windows": "natives-windows"
      }
    },
    {
      "downloads": {
        "classifiers": {
          "natives-linux": {
            "path": "net/java/jinput/jinput-platform/2.0.5/jinput-platform-2.0.5-natives-linux.jar",
            "sha1": "7ff832a6eb9ab6a767f1ade2b548092d0fa64795",
            "size": 10362,
            "url": "https://libraries.minecraft.net/net/java/jinput/jinput-platform/2.0.5/jinput-platform-2.0.5-natives-linux.jar"
          },
          "natives-osx": {
            "path": "net/java/jinput/jinput-platform/2.0.5/jinput-platform-2.0.5-natives-osx.jar",
            "sha1": "53f9c919f34d2ca9de8c51fc4e1e8282029a9232",
            "size": 12186,
            "url": "https://libraries.minecraft.net/net/java/jinput/jinput-platform/2.0.5/jinput-platform-2.0.5-natives-osx.jar"
          },
          "natives-windows": {
            "path": "net/java/jinput/jinput-platform/2.0.5/jinput-platform-2.0.5-natives-windows.jar",
            "sha1": "385ee093e01f587f30ee1c8a2ee7d408fd732e16",
            "size": 155179,
            "url": "https://libraries.minecraft.net/net/java/jinput/jinput-platform/2.0.5/jinput-platform-2.0.5-natives-windows.jar"
          }
        }
      },
      "extract": {
        "exclude": [
          "META-INF/"
        ]
      },
      "name": "net.java.jinput:jinput-platform:2.0.5",
      "natives": {
        "linux": "natives-linux",
        "osx": "natives-osx",
        "windows": "natives-windows"
      }
    },
    {
      "downloads": {
        "artifact": {
          "path": "tv/twitch/twitch/5.12/twitch-5.12.jar",
          "sha1": "f8d00e1ecf6fe09900dfe2f687fabace8593f283",
          "size": 52315,
          "url": "https://libraries.minecraft.net/tv/twitch/twitch/5.12/twitch-5.12.jar"
        }
      },
      "name": "tv.twitch:twitch:5.12"
    },
    {
      "downloads": {
        "classifiers": {
          "natives-osx": {
            "path": "tv/twitch/twitch-platform/5.12/twitch-platform-5.12-natives-osx.jar",
            "sha1": "641b9857eb581e85b4aa6a63d14e17f9e261c2ec",
            "size": 417067,
            "url": "https://libraries.minecraft.net/tv/twitch/twitch-platform/5.12/twitch-platform-5.12-natives-osx.jar"
          },
          "natives-windows-32": {
            "path": "tv/twitch/twitch-platform/5.12/twitch-platform-5.12-natives-windows-32.jar",
            "sha1": "04146aaeaa7706d6eb01d9a86cac20f84e61d8a8",
            "size": 388720,
            "url": "https://libraries.minecraft.net/tv/twitch/twitch-platform/5.12/twitch-platform-5.12-natives-windows-32.jar"
          },
          "natives-windows-64": {
            "path": "tv/twitch/twitch-platform/5.12/twitch-platform-5.12-natives-windows-64.jar",
            "sha1": "986400274b05a29b62c42145cd22748bcff5f6cc",
            "size": 467171,
            "url": "https://libraries.minecraft.net/tv/twitch/twitch-platform/5.12/twitch-platform-5.12-natives-windows-64.jar"
          }
        }
      },
      "extract": {
        "exclude": [
          "META-INF/"
        ]
      },
      "name": "tv.twitch:twitch-platform:5.12",
      "natives": {
        "linux": "natives-linux",
        "osx": "natives-osx",
        "windows": "natives-windows-${arch}"
      },
      "rules": [
        {
          "action": "allow"
        },
        {
          "action": "disallow",
          "os": {
            "name": "linux"
          }
        }
      ]
    },
    {
      "downloads": {
        "classifiers": {
          "natives-windows-32": {
            "path": "tv/twitch/twitch-external-platform/4.5/twitch-external-platform-4.5-natives-windows-32.jar",
            "sha1": "18215140f010c05b9f86ef6f0f8871954d2ccebf",
            "size": 5654047,
            "url": "https://libraries.minecraft.net/tv/twitch/twitch-external-platform/4.5/twitch-external-platform-4.5-natives-windows-32.jar"
          },
          "natives-windows-64": {
            "path": "tv/twitch/twitch-external-platform/4.5/twitch-external-platform-4.5-natives-windows-64.jar",
            "sha1": "c3cde57891b935d41b6680a9c5e1502eeab76d86",
            "size": 7457619,
            "url": "https://libraries.minecraft.net/tv/twitch/twitch-external-platform/4.5/twitch-external-platform-4.5-natives-windows-64.jar"
          }
        }
      },
      "extract": {
        "exclude": [
          "META-INF/"
        ]
      },
      "name": "tv.twitch:twitch-external-platform:4.5",
      "natives": {
        "windows": "natives-windows-${arch}"
      },
      "rules": [
        {
          "action": "allow",
          "os": {
            "name": "windows"
          }
        }
      ]
    }
  ],
  "logging": {
    "client": {
      "argument": "-Dlog4j.configurationFile=${path}",
      "file": {
        "id": "client-1.7.xml",
        "sha1": "50c9cc4af6d853d9fc137c84bcd153e2bd3a9a82",
        "size": 966,
        "url": "https://launcher.mojang.com/v1/objects/50c9cc4af6d853d9fc137c84bcd153e2bd3a9a82/client-1.7.xml"
      },
      "type": "log4j2-xml"
    }
  },
  "mainClass": "net.minecraft.client.main.Main",
  "minecraftArguments": "--username ${auth_player_name} --version ${version_name} --gameDir ${game_directory} --assetsDir ${assets_root} --assetIndex ${assets_index_name} --uuid ${auth_uuid} --accessToken ${auth_access_token} --userProperties ${user_properties}",
  "minimumLauncherVersion": 12,
  "releaseTime": "2013-12-06T21:55:34+08:00",
  "time": "2013-12-06T21:55:34+08:00",
  "type": "release",
  "clientVersion": "1.7.3"
}