{
  "assetIndex": {
    "id": "legacy",
    "sha1": "770572e819335b6c0a053f8378ad88eda189fc14",
    "size": 109634,
    "totalSize": 153475165,
    "url": "https://launchermeta.mojang.com/v1/packages/770572e819335b6c0a053f8378ad88eda189fc14/legacy.json"
  },
  "assets": "legacy",
  "downloads": {
    "client": {
      "sha1": "17e2c28fb54666df5640b2c822ea8042250ef592",
      "size": 4726671,
      "url": "https://launcher.mojang.com/v1/objects/17e2c28fb54666df5640b2c822ea8042250ef592/client.jar"
    },
    "server": {
      "sha1": "0252918a5f9d47e3c6eb1dfec02134d1374a89b4",
      "size": 6132004,
      "url": "https://launcher.mojang.com/v1/objects/0252918a5f9d47e3c6eb1dfec02134d1374a89b4/server.jar"
    },
    "windows_server": {
      "sha1": "f495386d0eded7346e7e77a1c6d7dfc5a5dae068",
      "size": 6527780,
      "url": "https://launcher.mojang.com/v1/objects/f495386d0eded7346e7e77a1c6d7dfc5a5dae068/windows_server.exe"
    }
  },
  "id": "1.6.1",
  "libraries": [
    {
      "downloads": {
        "artifact": {
          "path": "net/sf/jopt-simple/jopt-simple/4.5/jopt-simple-4.5.jar",
          "sha1": "6065cc95c661255349c1d0756657be17c29a4fd3",
          "size": 61311,
          "url": "https://libraries.minecraft.net/net/sf/jopt-simple/jopt-simple/4.5/jopt-simple-4.5.jar"
        }
      },
      "name": "net.sf.jopt-simple:jopt-simple:4.5"
    },
    {
      "downloads": {
        "artifact": {
          "path": "com/paulscode/codecjorbis/20101023/codecjorbis-20101023.jar",
          "sha1": "c73b5636faf089d9f00e8732a829577de25237ee",
          "size": 103871,
          "url": "https://libraries.minecraft.net/com/paulscode/codecjorbis/20101023/codecjorbis-20101023.jar"
        }
      },
      "name": "com.paulscode:codecjorbis:20101023"
    },
    {
      "downloads": {
        "artifact": {
          "path": "com/paulscode/codecwav/20101023/codecwav-20101023.jar",
          "sha1": "12f031cfe88fef5c1dd36c563c0a3a69bd7261da",
          "size": 5618,
          "url": "https://libraries.minecraft.net/com/paulscode/codecwav/20101023/codecwav-20101023.jar"
        }
      },
      "name": "com.paulscode:codecwav:20101023"
    },
    {
      "downloads": {
        "artifact": {
          "path": "com/paulscode/libraryjavasound/20101123/libraryjavasound-20101123.jar",
          "sha1": "5c5e304366f75f9eaa2e8cca546a1fb6109348b3",
          "size": 21679,
          "url": "https://libraries.minecraft.net/com/paulscode/libraryjavasound/20101123/libraryjavasound-20101123.jar"
        }
      },
      "name": "com.paulscode:libraryjavasound:20101123"
    },
    {
      "downloads": {
        "artifact": {
          "path": "com/paulscode/librarylwjglopenal/20100824/librarylwjglopenal-20100824.jar",
          "sha1": "73e80d0794c39665aec3f62eee88ca91676674ef",
          "size": 18981,
          "url": "https://libraries.minecraft.net/com/paulscode/librarylwjglopenal/20100824/librarylwjglopenal-20100824.jar"
        }
      },
      "name": "com.paulscode:librarylwjglopenal:20100824"
    },
    {
      "downloads": {
        "artifact": {
          "path": "com/paulscode/soundsystem/20120107/soundsystem-20120107.jar",
          "sha1": "419c05fe9be71f792b2d76cfc9b67f1ed0fec7f6",
          "size": 65020,
          "url": "https://libraries.minecraft.net/com/paulscode/soundsystem/20120107/soundsystem-20120107.jar"
        }
      },
      "name": "com.paulscode:soundsystem:20120107"
    },
    {
      "downloads": {
        "artifact": {
          "path": "argo/argo/2.25_fixed/argo-2.25_fixed.jar",
          "sha1": "751761ce15a3e3aaf3fc75b9f013ff8f7b88a585",
          "size": 74953,
          "url": "https://libraries.minecraft.net/argo/argo/2.25_fixed/argo-2.25_fixed.jar"
        }
      },
      "name": "argo:argo:2.25_fixed"
    },
    {
      "downloads": {
        "artifact": {
          "path": "org/bouncycastle/bcprov-jdk15on/1.47/bcprov-jdk15on-1.47.jar",
          "sha1": "b6f5d9926b0afbde9f4dbe3db88c5247be7794bb",
          "size": 1997327,
          "url": "https://libraries.minecraft.net/org/bouncycastle/bcprov-jdk15on/1.47/bcprov-jdk15on-1.47.jar"
        }
      },
      "name": "org.bouncycastle:bcprov-jdk15on:1.47"
    },
    {
      "downloads": {
        "artifact": {
          "path": "com/google/guava/guava/14.0/guava-14.0.jar",
          "sha1": "67b7be4ee7ba48e4828a42d6d5069761186d4a53",
          "size": 2189111,
          "url": "https://libraries.minecraft.net/com/google/guava/guava/14.0/guava-14.0.jar"
        }
      },
      "name": "com.google.guava:guava:14.0"
    },
    {
      "downloads": {
        "artifact": {
          "path": "org/apache/commons/commons-lang3/3.1/commons-lang3-3.1.jar",
          "sha1": "905075e6c80f206bbe6cf1e809d2caa69f420c76",
          "size": 315805,
          "url": "https://libraries.minecraft.net/org/apache/commons/commons-lang3/3.1/commons-lang3-3.1.jar"
        }
      },
      "name": "org.apache.commons:commons-lang3:3.1"
    },
    {
      "downloads": {
        "artifact": {
          "path": "commons-io/commons-io/2.4/commons-io-2.4.jar",
          "sha1": "b1b6ea3b7e4aa4f492509a4952029cd8e48019ad",
          "size": 185140,
          "url": "https://libraries.minecraft.net/commons-io/commons-io/2.4/commons-io-2.4.jar"
        }
      },
      "name": "commons-io:commons-io:2.4"
    },
    {
      "downloads": {
        "artifact": {
          "path": "net/java/jinput/jinput/2.0.5/jinput-2.0.5.jar",
          "sha1": "39c7796b469a600f72380316f6b1f11db6c2c7c4",
          "size": 208338,
          "url": "https://libraries.minecraft.net/net/java/jinput/jinput/2.0.5/jinput-2.0.5.jar"
        }
      },
      "name": "net.java.jinput:jinput:2.0.5"
    },
    {
      "downloads": {
        "artifact": {
          "path": "net/java/jutils/jutils/1.0.0/jutils-1.0.0.jar",
          "sha1": "e12fe1fda814bd348c1579329c86943d2cd3c6a6",
          "size": 7508,
          "url": "https://libraries.minecraft.net/net/java/jutils/jutils/1.0.0/jutils-1.0.0.jar"
        }
      },
      "name": "net.java.jutils:jutils:1.0.0"
    },
    {
      "downloads": {
        "artifact": {
          "path": "com/google/code/gson/gson/2.2.2/gson-2.2.2.jar",
          "sha1": "1f96456ca233dec780aa224bff076d8e8bca3908",
          "size": 189285,
          "url": "https://libraries.minecraft.net/com/google/code/gson/gson/2.2.2/gson-2.2.2.jar"
        }
      },
      "name": "com.google.code.gson:gson:2.2.2"
    },
    {
      "downloads": {
        "artifact": {
          "path": "org/lwjgl/lwjgl/lwjgl/2.9.0/lwjgl-2.9.0.jar",
          "sha1": "5654d06e61a1bba7ae1e7f5233e1106be64c91cd",
          "size": 994633,
          "url": "https://libraries.minecraft.net/org/lwjgl/lwjgl/lwjgl/2.9.0/lwjgl-2.9.0.jar"
        }
      },
      "name": "org.lwjgl.lwjgl:lwjgl:2.9.0",
      "rules": [
        {
          "action": "allow"
        },
        {
          "action": "disallow",
          "os": {
            "name": "osx",
            "version": "^10\\.5\\.\\d$"
          }
        }
      ]
    },
    {
      "downloads": {
        "artifact": {
          "path": "org/lwjgl/lwjgl/lwjgl_util/2.9.0/lwjgl_util-2.9.0.jar",
          "sha1": "a778846b64008fc7f48ead2377f034e547991699",
          "size": 173360,
          "url": "https://libraries.minecraft.net/org/lwjgl/lwjgl/lwjgl_util/2.9.0/lwjgl_util-2.9.0.jar"
        }
      },
      "name": "org.lwjgl.lwjgl:lwjgl_util:2.9.0",
      "rules": [
        {
          "action": "allow"
        },
        {
          "action": "disallow",
          "os": {
            "name": "osx",
            "version": "^10\\.5\\.\\d$"
          }
        }
      ]
    },
    {
      "downloads": {
        "classifiers": {
          "natives-linux": {
            "path": "org/lwjgl/lwjgl/lwjgl-platform/2.9.0/lwjgl-platform-2.9.0-natives-linux.jar",
            "sha1": "2ba5dcb11048147f1a74eff2deb192c001321f77",
            "size": 569061,
            "url": "https://libraries.minecraft.net/org/lwjgl/lwjgl/lwjgl-platform/2.9.0/lwjgl-platform-2.9.0-natives-linux.jar"
          },
          "natives-osx": {
            "path": "org/lwjgl/lwjgl/lwjgl-platform/2.9.0/lwjgl-platform-2.9.0-natives-osx.jar",
            "sha1": "6621b382cb14cc409b041d8d72829156a87c31aa",
            "size": 518924,
            "url": "https://libraries.minecraft.net/org/lwjgl/lwjgl/lwjgl-platform/2.9.0/lwjgl-platform-2.9.0-natives-osx.jar"
          },
          "natives-windows": {
            "path": "org/lwjgl/lwjgl/lwjgl-platform/2.9.0/lwjgl-platform-2.9.0-natives-windows.jar",
            "sha1": "3f11873dc8e84c854ec7c5a8fd2e869f8aaef764",
            "size": 609967,
            "url": "https://libraries.minecraft.net/org/lwjgl/lwjgl/lwjgl-platform/2.9.0/lwjgl-platform-2.9.0-natives-windows.jar"
          }
        }
      },
      "extract": {
        "exclude": [
          "META-INF/"
        ]
      },
      "name": "org.lwjgl.lwjgl:lwjgl-platform:2.9.0",
      "natives": {
        "linux": "natives-linux",
        "osx": "natives-osx",
        "windows": "natives-windows"
      },
      "rules": [
        {
          "action": "allow"
        },
        {
          "action": "disallow",
          "os": {
            "name": "osx",
            "version": "^10\\.5\\.\\d$"
          }
        }
      ]
    },
    {
      "downloads": {
        "artifact": {
          "path": "org/lwjgl/lwjgl/lwjgl/2.9.1-nightly-20130708-debug3/lwjgl-2.9.1-nightly-20130708-debug3.jar",
          "sha1": "884511652c756fac16b37236f863f346bd1ea121",
          "size": 996625,
          "url": "https://libraries.minecraft.net/org/lwjgl/lwjgl/lwjgl/2.9.1-nightly-20130708-debug3/lwjgl-2.9.1-nightly-20130708-debug3.jar"
        }
      },
      "name": "org.lwjgl.lwjgl:lwjgl:2.9.1-nightly-20130708-debug3",
      "rules": [
        {
          "action": "allow",
          "os": {
            "name": "osx",
            "version": "^10\\.5\\.\\d$"
          }
        }
      ]
    },
    {
      "downloads": {
        "artifact": {
          "path": "org/lwjgl/lwjgl/lwjgl_util/2.9.1-nightly-20130708-debug3/lwjgl_util-2.9.1-nightly-20130708-debug3.jar",
          "sha1": "fb693ba4e22a85432a32e8a048893dc7a92f42ac",
          "size": 173338,
          "url": "https://libraries.minecraft.net/org/lwjgl/lwjgl/lwjgl_util/2.9.1-nightly-20130708-debug3/lwjgl_util-2.9.1-nightly-20130708-debug3.jar"
        }
      },
      "name": "org.lwjgl.lwjgl:lwjgl_util:2.9.1-nightly-20130708-debug3",
      "rules": [
        {
          "action": "allow",
          "os": {
            "name": "osx",
            "version": "^10\\.5\\.\\d$"
          }
        }
      ]
    },
    {
      "downloads": {
        "classifiers": {
          "natives-osx": {
            "path": "org/lwjgl/lwjgl/lwjgl-platform/2.9.1-nightly-20130708-debug3/lwjgl-platform-2.9.1-nightly-20130708-debug3-natives-osx.jar",
            "sha1": "a9b83ad85742cad09c3574a91b0423bac3f7a0f5",
            "size": 458181,
            "url": "https://libraries.minecraft.net/org/lwjgl/lwjgl/lwjgl-platform/2.9.1-nightly-20130708-debug3/lwjgl-platform-2.9.1-nightly-20130708-debug3-natives-osx.jar"
          }
        }
      },
      "extract": {
        "exclude": [
          "META-INF/"
        ]
      },
      "name": "org.lwjgl.lwjgl:lwjgl-platform:2.9.1-nightly-20130708-debug3",
      "natives": {
        "linux": "natives-linux",
        "osx": "natives-osx",
        "windows": "natives-windows"
      },
      "rules": [
        {
          "action": "allow",
          "os": {
            "name": "osx",
            "version": "^10\\.5\\.\\d$"
          }
        }
      ]
    },
    {
      "downloads": {
        "classifiers": {
          "natives-linux": {
            "path": "net/java/jinput/jinput-platform/2.0.5/jinput-platform-2.0.5-natives-linux.jar",
            "sha1": "7ff832a6eb9ab6a767f1ade2b548092d0fa64795",
            "size": 10362,
            "url": "https://libraries.minecraft.net/net/java/jinput/jinput-platform/2.0.5/jinput-platform-2.0.5-natives-linux.jar"
          },
          "natives-osx": {
            "path": "net/java/jinput/jinput-platform/2.0.5/jinput-platform-2.0.5-natives-osx.jar",
            "sha1": "53f9c919f34d2ca9de8c51fc4e1e8282029a9232",
            "size": 12186,
            "url": "https://libraries.minecraft.net/net/java/jinput/jinput-platform/2.0.5/jinput-platform-2.0.5-natives-osx.jar"
          },
          "natives-windows": {
            "path": "net/java/jinput/jinput-platform/2.0.5/jinput-platform-2.0.5-natives-windows.jar",
            "sha1": "385ee093e01f587f30ee1c8a2ee7d408fd732e16",
            "size": 155179,
            "url": "https://libraries.minecraft.net/net/java/jinput/jinput-platform/2.0.5/jinput-platform-2.0.5-natives-windows.jar"
          }
        }
      },
      "extract": {
        "exclude": [
          "META-INF/"
        ]
      },
      "name": "net.java.jinput:jinput-platform:2.0.5",
      "natives": {
        "linux": "natives-linux",
        "osx": "natives-osx",
        "windows": "natives-windows"
      }
    }
  ],
  "mainClass": "net.minecraft.client.main.Main",
  "minecraftArguments": "--username ${auth_player_name} --session ${auth_session} --version ${version_name} --gameDir ${game_directory} --assetsDir ${game_assets}",
  "minimumLauncherVersion": 4,
  "releaseTime": "2013-06-28T22:48:41+08:00",
  "time": "2013-06-28T22:48:41+08:00",
  "type": "release",
  "clientVersion": "1.6.1"
}