{
  "arguments": {
    "game": [
      "--username",
      "${auth_player_name}",
      "--version",
      "${version_name}",
      "--gameDir",
      "${game_directory}",
      "--assetsDir",
      "${assets_root}",
      "--assetIndex",
      "${assets_index_name}",
      "--uuid",
      "${auth_uuid}",
      "--accessToken",
      "${auth_access_token}",
      "--userType",
      "${user_type}",
      "--versionType",
      "${version_type}",
      {
        "rules": [
          {
            "action": "allow",
            "features": {
              "is_demo_user": true
            }
          }
        ],
        "value": "--demo"
      },
      {
        "rules": [
          {
            "action": "allow",
            "features": {
              "has_custom_resolution": true
            }
          }
        ],
        "value": [
          "--width",
          "${resolution_width}",
          "--height",
          "${resolution_height}"
        ]
      }
    ],
    "jvm": [
      {
        "rules": [
          {
            "action": "allow",
            "os": {
              "name": "osx"
            }
          }
        ],
        "value": [
          "-XstartOnFirstThread"
        ]
      },
      {
        "rules": [
          {
            "action": "allow",
            "os": {
              "name": "windows"
            }
          }
        ],
        "value": "-XX:HeapDumpPath=MojangTricksIntelDriversForPerformance_javaw.exe_minecraft.exe.heapdump"
      },
      {
        "rules": [
          {
            "action": "allow",
            "os": {
              "name": "windows",
              "version": "^10\\."
            }
          }
        ],
        "value": [
          "-Dos.name=Windows 10",
          "-Dos.version=10.0"
        ]
      },
      {
        "rules": [
          {
            "action": "allow",
            "os": {
              "arch": "x86"
            }
          }
        ],
        "value": "-Xss1M"
      },
      "-Djava.library.path=${natives_directory}",
      "-Dminecraft.launcher.brand=${launcher_name}",
      "-Dminecraft.launcher.version=${launcher_version}",
      "-cp",
      "${classpath}"
    ]
  },
  "assetIndex": {
    "id": "1.13.1",
    "sha1": "a8ef90d58d4a170f85e3439470c99c25aa8e988b",
    "size": 182369,
    "totalSize": 189762775,
    "url": "https://piston-meta.mojang.com/v1/packages/a8ef90d58d4a170f85e3439470c99c25aa8e988b/1.13.1.json"
  },
  "assets": "1.13.1",
  "complianceLevel": 0,
  "downloads": {
    "client": {
      "sha1": "30bfe37a8db404db11c7edf02cb5165817afb4d9",
      "size": 16089640,
      "url": "https://piston-data.mojang.com/v1/objects/30bfe37a8db404db11c7edf02cb5165817afb4d9/client.jar"
    },
    "server": {
      "sha1": "3737db93722a9e39eeada7c27e7aca28b144ffa7",
      "size": 33835116,
      "url": "https://piston-data.mojang.com/v1/objects/3737db93722a9e39eeada7c27e7aca28b144ffa7/server.jar"
    }
  },
  "id": "1.13.2",
  "javaVersion": {
    "component": "jre-legacy",
    "majorVersion": 8
  },
  "libraries": [
    {
      "downloads": {
        "artifact": {
          "path": "com/mojang/patchy/1.3.9/patchy-1.3.9.jar",
          "sha1": "eb8bb7b66fa0e2152b1b40b3856e82f7619439ee",
          "size": 23581,
          "url": "https://libraries.minecraft.net/com/mojang/patchy/1.3.9/patchy-1.3.9.jar"
        }
      },
      "name": "com.mojang:patchy:1.3.9"
    },
    {
      "downloads": {
        "artifact": {
          "path": "oshi-project/oshi-core/1.1/oshi-core-1.1.jar",
          "sha1": "9ddf7b048a8d701be231c0f4f95fd986198fd2d8",
          "size": 30973,
          "url": "https://libraries.minecraft.net/oshi-project/oshi-core/1.1/oshi-core-1.1.jar"
        }
      },
      "name": "oshi-project:oshi-core:1.1"
    },
    {
      "downloads": {
        "artifact": {
          "path": "net/java/dev/jna/jna/4.4.0/jna-4.4.0.jar",
          "sha1": "cb208278274bf12ebdb56c61bd7407e6f774d65a",
          "size": 1091208,
          "url": "https://libraries.minecraft.net/net/java/dev/jna/jna/4.4.0/jna-4.4.0.jar"
        }
      },
      "name": "net.java.dev.jna:jna:4.4.0"
    },
    {
      "downloads": {
        "artifact": {
          "path": "net/java/dev/jna/platform/3.4.0/platform-3.4.0.jar",
          "sha1": "e3f70017be8100d3d6923f50b3d2ee17714e9c13",
          "size": 913436,
          "url": "https://libraries.minecraft.net/net/java/dev/jna/platform/3.4.0/platform-3.4.0.jar"
        }
      },
      "name": "net.java.dev.jna:platform:3.4.0"
    },
    {
      "downloads": {
        "artifact": {
          "path": "com/ibm/icu/icu4j-core-mojang/51.2/icu4j-core-mojang-51.2.jar",
          "sha1": "63d216a9311cca6be337c1e458e587f99d382b84",
          "size": 1634692,
          "url": "https://libraries.minecraft.net/com/ibm/icu/icu4j-core-mojang/51.2/icu4j-core-mojang-51.2.jar"
        }
      },
      "name": "com.ibm.icu:icu4j-core-mojang:51.2"
    },
    {
      "downloads": {
        "artifact": {
          "path": "net/sf/jopt-simple/jopt-simple/5.0.3/jopt-simple-5.0.3.jar",
          "sha1": "cdd846cfc4e0f7eefafc02c0f5dce32b9303aa2a",
          "size": 78175,
          "url": "https://libraries.minecraft.net/net/sf/jopt-simple/jopt-simple/5.0.3/jopt-simple-5.0.3.jar"
        }
      },
      "name": "net.sf.jopt-simple:jopt-simple:5.0.3"
    },
    {
      "downloads": {
        "artifact": {
          "path": "com/paulscode/codecjorbis/20101023/codecjorbis-20101023.jar",
          "sha1": "c73b5636faf089d9f00e8732a829577de25237ee",
          "size": 103871,
          "url": "https://libraries.minecraft.net/com/paulscode/codecjorbis/20101023/codecjorbis-20101023.jar"
        }
      },
      "name": "com.paulscode:codecjorbis:20101023"
    },
    {
      "downloads": {
        "artifact": {
          "path": "com/paulscode/codecwav/20101023/codecwav-20101023.jar",
          "sha1": "12f031cfe88fef5c1dd36c563c0a3a69bd7261da",
          "size": 5618,
          "url": "https://libraries.minecraft.net/com/paulscode/codecwav/20101023/codecwav-20101023.jar"
        }
      },
      "name": "com.paulscode:codecwav:20101023"
    },
    {
      "downloads": {
        "artifact": {
          "path": "com/paulscode/libraryjavasound/20101123/libraryjavasound-20101123.jar",
          "sha1": "5c5e304366f75f9eaa2e8cca546a1fb6109348b3",
          "size": 21679,
          "url": "https://libraries.minecraft.net/com/paulscode/libraryjavasound/20101123/libraryjavasound-20101123.jar"
        }
      },
      "name": "com.paulscode:libraryjavasound:20101123"
    },
    {
      "downloads": {
        "artifact": {
          "path": "com/paulscode/soundsystem/20120107/soundsystem-20120107.jar",
          "sha1": "419c05fe9be71f792b2d76cfc9b67f1ed0fec7f6",
          "size": 65020,
          "url": "https://libraries.minecraft.net/com/paulscode/soundsystem/20120107/soundsystem-20120107.jar"
        }
      },
      "name": "com.paulscode:soundsystem:20120107"
    },
    {
      "downloads": {
        "artifact": {
          "path": "io/netty/netty-all/4.1.25.Final/netty-all-4.1.25.Final.jar",
          "sha1": "d0626cd3108294d1d58c05859add27b4ef21f83b",
          "size": 3823147,
          "url": "https://libraries.minecraft.net/io/netty/netty-all/4.1.25.Final/netty-all-4.1.25.Final.jar"
        }
      },
      "name": "io.netty:netty-all:4.1.25.Final"
    },
    {
      "downloads": {
        "artifact": {
          "path": "com/google/guava/guava/21.0/guava-21.0.jar",
          "sha1": "3a3d111be1be1b745edfa7d91678a12d7ed38709",
          "size": 2521113,
          "url": "https://libraries.minecraft.net/com/google/guava/guava/21.0/guava-21.0.jar"
        }
      },
      "name": "com.google.guava:guava:21.0"
    },
    {
      "downloads": {
        "artifact": {
          "path": "org/apache/commons/commons-lang3/3.5/commons-lang3-3.5.jar",
          "sha1": "6c6c702c89bfff3cd9e80b04d668c5e190d588c6",
          "size": 479881,
          "url": "https://libraries.minecraft.net/org/apache/commons/commons-lang3/3.5/commons-lang3-3.5.jar"
        }
      },
      "name": "org.apache.commons:commons-lang3:3.5"
    },
    {
      "downloads": {
        "artifact": {
          "path": "commons-io/commons-io/2.5/commons-io-2.5.jar",
          "sha1": "2852e6e05fbb95076fc091f6d1780f1f8fe35e0f",
          "size": 208700,
          "url": "https://libraries.minecraft.net/commons-io/commons-io/2.5/commons-io-2.5.jar"
        }
      },
      "name": "commons-io:commons-io:2.5"
    },
    {
      "downloads": {
        "artifact": {
          "path": "commons-codec/commons-codec/1.10/commons-codec-1.10.jar",
          "sha1": "4b95f4897fa13f2cd904aee711aeafc0c5295cd8",
          "size": 284184,
          "url": "https://libraries.minecraft.net/commons-codec/commons-codec/1.10/commons-codec-1.10.jar"
        }
      },
      "name": "commons-codec:commons-codec:1.10"
    },
    {
      "downloads": {
        "artifact": {
          "path": "net/java/jinput/jinput/2.0.5/jinput-2.0.5.jar",
          "sha1": "39c7796b469a600f72380316f6b1f11db6c2c7c4",
          "size": 208338,
          "url": "https://libraries.minecraft.net/net/java/jinput/jinput/2.0.5/jinput-2.0.5.jar"
        }
      },
      "name": "net.java.jinput:jinput:2.0.5"
    },
    {
      "downloads": {
        "artifact": {
          "path": "net/java/jutils/jutils/1.0.0/jutils-1.0.0.jar",
          "sha1": "e12fe1fda814bd348c1579329c86943d2cd3c6a6",
          "size": 7508,
          "url": "https://libraries.minecraft.net/net/java/jutils/jutils/1.0.0/jutils-1.0.0.jar"
        }
      },
      "name": "net.java.jutils:jutils:1.0.0"
    },
    {
      "downloads": {
        "artifact": {
          "path": "com/mojang/brigadier/1.0.14/brigadier-1.0.14.jar",
          "sha1": "a18df0522b577ca364b87019c1efa0b8faa12fe5",
          "size": 73350,
          "url": "https://libraries.minecraft.net/com/mojang/brigadier/1.0.14/brigadier-1.0.14.jar"
        }
      },
      "name": "com.mojang:brigadier:1.0.14"
    },
    {
      "downloads": {
        "artifact": {
          "path": "com/mojang/datafixerupper/1.0.19/datafixerupper-1.0.19.jar",
          "sha1": "c0f74b1916bc141b40f7cb491b63e1898f2c99bb",
          "size": 431014,
          "url": "https://libraries.minecraft.net/com/mojang/datafixerupper/1.0.19/datafixerupper-1.0.19.jar"
        }
      },
      "name": "com.mojang:datafixerupper:1.0.19"
    },
    {
      "downloads": {
        "artifact": {
          "path": "com/google/code/gson/gson/2.8.0/gson-2.8.0.jar",
          "sha1": "c4ba5371a29ac9b2ad6129b1d39ea38750043eff",
          "size": 231952,
          "url": "https://libraries.minecraft.net/com/google/code/gson/gson/2.8.0/gson-2.8.0.jar"
        }
      },
      "name": "com.google.code.gson:gson:2.8.0"
    },
    {
      "downloads": {
        "artifact": {
          "path": "com/mojang/authlib/1.5.25/authlib-1.5.25.jar",
          "sha1": "9834cdf236c22e84b946bba989e2f94ef5897c3c",
          "size": 65621,
          "url": "https://libraries.minecraft.net/com/mojang/authlib/1.5.25/authlib-1.5.25.jar"
        }
      },
      "name": "com.mojang:authlib:1.5.25"
    },
    {
      "downloads": {
        "artifact": {
          "path": "org/apache/commons/commons-compress/1.8.1/commons-compress-1.8.1.jar",
          "sha1": "a698750c16740fd5b3871425f4cb3bbaa87f529d",
          "size": 365552,
          "url": "https://libraries.minecraft.net/org/apache/commons/commons-compress/1.8.1/commons-compress-1.8.1.jar"
        }
      },
      "name": "org.apache.commons:commons-compress:1.8.1"
    },
    {
      "downloads": {
        "artifact": {
          "path": "org/apache/httpcomponents/httpclient/4.3.3/httpclient-4.3.3.jar",
          "sha1": "18f4247ff4572a074444572cee34647c43e7c9c7",
          "size": 589512,
          "url": "https://libraries.minecraft.net/org/apache/httpcomponents/httpclient/4.3.3/httpclient-4.3.3.jar"
        }
      },
      "name": "org.apache.httpcomponents:httpclient:4.3.3"
    },
    {
      "downloads": {
        "artifact": {
          "path": "commons-logging/commons-logging/1.1.3/commons-logging-1.1.3.jar",
          "sha1": "f6f66e966c70a83ffbdb6f17a0919eaf7c8aca7f",
          "size": 62050,
          "url": "https://libraries.minecraft.net/commons-logging/commons-logging/1.1.3/commons-logging-1.1.3.jar"
        }
      },
      "name": "commons-logging:commons-logging:1.1.3"
    },
    {
      "downloads": {
        "artifact": {
          "path": "org/apache/httpcomponents/httpcore/4.3.2/httpcore-4.3.2.jar",
          "sha1": "31fbbff1ddbf98f3aa7377c94d33b0447c646b6e",
          "size": 282269,
          "url": "https://libraries.minecraft.net/org/apache/httpcomponents/httpcore/4.3.2/httpcore-4.3.2.jar"
        }
      },
      "name": "org.apache.httpcomponents:httpcore:4.3.2"
    },
    {
      "downloads": {
        "artifact": {
          "path": "it/unimi/dsi/fastutil/8.2.1/fastutil-8.2.1.jar",
          "sha1": "5ad88f325e424f8dbc2be5459e21ea5cab3864e9",
          "size": 18800417,
          "url": "https://libraries.minecraft.net/it/unimi/dsi/fastutil/8.2.1/fastutil-8.2.1.jar"
        }
      },
      "name": "it.unimi.dsi:fastutil:8.2.1"
    },
    {
      "downloads": {
        "artifact": {
          "path": "org/apache/logging/log4j/log4j-api/2.8.1/log4j-api-2.8.1.jar",
          "sha1": "e801d13612e22cad62a3f4f3fe7fdbe6334a8e72",
          "size": 228859,
          "url": "https://libraries.minecraft.net/org/apache/logging/log4j/log4j-api/2.8.1/log4j-api-2.8.1.jar"
        }
      },
      "name": "org.apache.logging.log4j:log4j-api:2.8.1"
    },
    {
      "downloads": {
        "artifact": {
          "path": "org/apache/logging/log4j/log4j-core/2.8.1/log4j-core-2.8.1.jar",
          "sha1": "4ac28ff2f1ddf05dae3043a190451e8c46b73c31",
          "size": 1402925,
          "url": "https://libraries.minecraft.net/org/apache/logging/log4j/log4j-core/2.8.1/log4j-core-2.8.1.jar"
        }
      },
      "name": "org.apache.logging.log4j:log4j-core:2.8.1"
    },
    {
      "downloads": {
        "artifact": {
          "path": "com/mojang/realms/1.13.9/realms-1.13.9.jar",
          "sha1": "88d2ecc34dba880fb4f10c7318b313e067e8b6ae",
          "size": 6385071,
          "url": "https://libraries.minecraft.net/com/mojang/realms/1.13.9/realms-1.13.9.jar"
        }
      },
      "name": "com.mojang:realms:1.13.9"
    },
    {
      "downloads": {
        "artifact": {
          "path": "org/lwjgl/lwjgl/3.1.6/lwjgl-3.1.6.jar",
          "sha1": "75a08ab96db25e3dd05a127e69e314deb0c13161",
          "size": 299086,
          "url": "https://libraries.minecraft.net/org/lwjgl/lwjgl/3.1.6/lwjgl-3.1.6.jar"
        }
      },
      "name": "org.lwjgl:lwjgl:3.1.6"
    },
    {
      "downloads": {
        "artifact": {
          "path": "org/lwjgl/lwjgl-jemalloc/3.1.6/lwjgl-jemalloc-3.1.6.jar",
          "sha1": "807ee19f8ce08f7a55ed4939b2f34d1ded6b39c9",
          "size": 40775,
          "url": "https://libraries.minecraft.net/org/lwjgl/lwjgl-jemalloc/3.1.6/lwjgl-jemalloc-3.1.6.jar"
        }
      },
      "name": "org.lwjgl:lwjgl-jemalloc:3.1.6"
    },
    {
      "downloads": {
        "artifact": {
          "path": "org/lwjgl/lwjgl-openal/3.1.6/lwjgl-openal-3.1.6.jar",
          "sha1": "c03253f13fff766ec3fc2e8d0924964d0f09e886",
          "size": 79062,
          "url": "https://libraries.minecraft.net/org/lwjgl/lwjgl-openal/3.1.6/lwjgl-openal-3.1.6.jar"
        }
      },
      "name": "org.lwjgl:lwjgl-openal:3.1.6"
    },
    {
      "downloads": {
        "artifact": {
          "path": "org/lwjgl/lwjgl-opengl/3.1.6/lwjgl-opengl-3.1.6.jar",
          "sha1": "964a2332ab3b396bcf67f12b8b93d39c79c978c2",
          "size": 821814,
          "url": "https://libraries.minecraft.net/org/lwjgl/lwjgl-opengl/3.1.6/lwjgl-opengl-3.1.6.jar"
        }
      },
      "name": "org.lwjgl:lwjgl-opengl:3.1.6"
    },
    {
      "downloads": {
        "artifact": {
          "path": "org/lwjgl/lwjgl-glfw/3.1.6/lwjgl-glfw-3.1.6.jar",
          "sha1": "7fe6af9a51891c9d22ee93c4241c237b4f3a5151",
          "size": 114101,
          "url": "https://libraries.minecraft.net/org/lwjgl/lwjgl-glfw/3.1.6/lwjgl-glfw-3.1.6.jar"
        }
      },
      "name": "org.lwjgl:lwjgl-glfw:3.1.6"
    },
    {
      "downloads": {
        "artifact": {
          "path": "org/lwjgl/lwjgl-stb/3.1.6/lwjgl-stb-3.1.6.jar",
          "sha1": "041e958545f64db9d46ab8e616c3020929bbaeca",
          "size": 104583,
          "url": "https://libraries.minecraft.net/org/lwjgl/lwjgl-stb/3.1.6/lwjgl-stb-3.1.6.jar"
        }
      },
      "name": "org.lwjgl:lwjgl-stb:3.1.6"
    },
    {
      "downloads": {
        "artifact": {
          "path": "org/lwjgl/lwjgl/3.1.6/lwjgl-3.1.6.jar",
          "sha1": "75a08ab96db25e3dd05a127e69e314deb0c13161",
          "size": 299086,
          "url": "https://libraries.minecraft.net/org/lwjgl/lwjgl/3.1.6/lwjgl-3.1.6.jar"
        },
        "classifiers": {
          "natives-linux": {
            "path": "org/lwjgl/lwjgl/3.1.6/lwjgl-3.1.6-natives-linux.jar",
            "sha1": "52eca3486b0c022e68a32e054ae93ea001ec5b0f",
            "size": 79787,
            "url": "https://libraries.minecraft.net/org/lwjgl/lwjgl/3.1.6/lwjgl-3.1.6-natives-linux.jar"
          },
          "natives-macos": {
            "path": "org/lwjgl/lwjgl/3.1.6/lwjgl-3.1.6-natives-macos.jar",
            "sha1": "4511eb54308ec79f16bb3c762af2444da681f0de",
            "size": 36945,
            "url": "https://libraries.minecraft.net/org/lwjgl/lwjgl/3.1.6/lwjgl-3.1.6-natives-macos.jar"
          },
          "natives-windows": {
            "path": "org/lwjgl/lwjgl/3.1.6/lwjgl-3.1.6-natives-windows.jar",
            "sha1": "a6ebe0dfde6c29836cbd928177012265ec4a8418",
            "size": 237025,
            "url": "https://libraries.minecraft.net/org/lwjgl/lwjgl/3.1.6/lwjgl-3.1.6-natives-windows.jar"
          }
        }
      },
      "name": "org.lwjgl:lwjgl:3.1.6",
      "natives": {
        "linux": "natives-linux",
        "osx": "natives-macos",
        "windows": "natives-windows"
      }
    },
    {
      "downloads": {
        "artifact": {
          "path": "org/lwjgl/lwjgl-jemalloc/3.1.6/lwjgl-jemalloc-3.1.6.jar",
          "sha1": "807ee19f8ce08f7a55ed4939b2f34d1ded6b39c9",
          "size": 40775,
          "url": "https://libraries.minecraft.net/org/lwjgl/lwjgl-jemalloc/3.1.6/lwjgl-jemalloc-3.1.6.jar"
        },
        "classifiers": {
          "natives-linux": {
            "path": "org/lwjgl/lwjgl-jemalloc/3.1.6/lwjgl-jemalloc-3.1.6-natives-linux.jar",
            "sha1": "796980a5c3762f80eddb5c8340f62feba168f24d",
            "size": 131212,
            "url": "https://libraries.minecraft.net/org/lwjgl/lwjgl-jemalloc/3.1.6/lwjgl-jemalloc-3.1.6-natives-linux.jar"
          },
          "natives-macos": {
            "path": "org/lwjgl/lwjgl-jemalloc/3.1.6/lwjgl-jemalloc-3.1.6-natives-macos.jar",
            "sha1": "fbb23c5d095dfcd56a6bee2c4409c7cd37dd9a6f",
            "size": 96831,
            "url": "https://libraries.minecraft.net/org/lwjgl/lwjgl-jemalloc/3.1.6/lwjgl-jemalloc-3.1.6-natives-macos.jar"
          },
          "natives-windows": {
            "path": "org/lwjgl/lwjgl-jemalloc/3.1.6/lwjgl-jemalloc-3.1.6-natives-windows.jar",
            "sha1": "f40c0b362969124a32019b3ee7191e438fdc3901",
            "size": 198001,
            "url": "https://libraries.minecraft.net/org/lwjgl/lwjgl-jemalloc/3.1.6/lwjgl-jemalloc-3.1.6-natives-windows.jar"
          }
        }
      },
      "name": "org.lwjgl:lwjgl-jemalloc:3.1.6",
      "natives": {
        "linux": "natives-linux",
        "osx": "natives-macos",
        "windows": "natives-windows"
      }
    },
    {
      "downloads": {
        "artifact": {
          "path": "org/lwjgl/lwjgl-openal/3.1.6/lwjgl-openal-3.1.6.jar",
          "sha1": "c03253f13fff766ec3fc2e8d0924964d0f09e886",
          "size": 79062,
          "url": "https://libraries.minecraft.net/org/lwjgl/lwjgl-openal/3.1.6/lwjgl-openal-3.1.6.jar"
        },
        "classifiers": {
          "natives-linux": {
            "path": "org/lwjgl/lwjgl-openal/3.1.6/lwjgl-openal-3.1.6-natives-linux.jar",
            "sha1": "aa892685b3cb606c256bfec5e359e58a15911c06",
            "size": 490251,
            "url": "https://libraries.minecraft.net/org/lwjgl/lwjgl-openal/3.1.6/lwjgl-openal-3.1.6-natives-linux.jar"
          },
          "natives-macos": {
            "path": "org/lwjgl/lwjgl-openal/3.1.6/lwjgl-openal-3.1.6-natives-macos.jar",
            "sha1": "e0fffeb51fae92ec73de96eb728155eb9ab197b9",
            "size": 410765,
            "url": "https://libraries.minecraft.net/org/lwjgl/lwjgl-openal/3.1.6/lwjgl-openal-3.1.6-natives-macos.jar"
          },
          "natives-windows": {
            "path": "org/lwjgl/lwjgl-openal/3.1.6/lwjgl-openal-3.1.6-natives-windows.jar",
            "sha1": "351960d5ebb1678ef99016af9e7ca97881af9288",
            "size": 1072703,
            "url": "https://libraries.minecraft.net/org/lwjgl/lwjgl-openal/3.1.6/lwjgl-openal-3.1.6-natives-windows.jar"
          }
        }
      },
      "name": "org.lwjgl:lwjgl-openal:3.1.6",
      "natives": {
        "linux": "natives-linux",
        "osx": "natives-macos",
        "windows": "natives-windows"
      }
    },
    {
      "downloads": {
        "artifact": {
          "path": "org/lwjgl/lwjgl-opengl/3.1.6/lwjgl-opengl-3.1.6.jar",
          "sha1": "964a2332ab3b396bcf67f12b8b93d39c79c978c2",
          "size": 821814,
          "url": "https://libraries.minecraft.net/org/lwjgl/lwjgl-opengl/3.1.6/lwjgl-opengl-3.1.6.jar"
        },
        "classifiers": {
          "natives-linux": {
            "path": "org/lwjgl/lwjgl-opengl/3.1.6/lwjgl-opengl-3.1.6-natives-linux.jar",
            "sha1": "ab462db70f7ea7de1b6a492eeb04ba0f08a80c0e",
            "size": 91985,
            "url": "https://libraries.minecraft.net/org/lwjgl/lwjgl-opengl/3.1.6/lwjgl-opengl-3.1.6-natives-linux.jar"
          },
          "natives-macos": {
            "path": "org/lwjgl/lwjgl-opengl/3.1.6/lwjgl-opengl-3.1.6-natives-macos.jar",
            "sha1": "179700557bc5deb8ee0c92aa0786ede206cb3dff",
            "size": 46527,
            "url": "https://libraries.minecraft.net/org/lwjgl/lwjgl-opengl/3.1.6/lwjgl-opengl-3.1.6-natives-macos.jar"
          },
          "natives-windows": {
            "path": "org/lwjgl/lwjgl-opengl/3.1.6/lwjgl-opengl-3.1.6-natives-windows.jar",
            "sha1": "505ff142070375c86695445a7c593a727af47964",
            "size": 175961,
            "url": "https://libraries.minecraft.net/org/lwjgl/lwjgl-opengl/3.1.6/lwjgl-opengl-3.1.6-natives-windows.jar"
          }
        }
      },
      "name": "org.lwjgl:lwjgl-opengl:3.1.6",
      "natives": {
        "linux": "natives-linux",
        "osx": "natives-macos",
        "windows": "natives-windows"
      }
    },
    {
      "downloads": {
        "artifact": {
          "path": "org/lwjgl/lwjgl-glfw/3.1.6/lwjgl-glfw-3.1.6.jar",
          "sha1": "7fe6af9a51891c9d22ee93c4241c237b4f3a5151",
          "size": 114101,
          "url": "https://libraries.minecraft.net/org/lwjgl/lwjgl-glfw/3.1.6/lwjgl-glfw-3.1.6.jar"
        },
        "classifiers": {
          "natives-linux": {
            "path": "org/lwjgl/lwjgl-glfw/3.1.6/lwjgl-glfw-3.1.6-natives-linux.jar",
            "sha1": "735c865f3ad9c064569e0e0083570e47c4814f02",
            "size": 143599,
            "url": "https://libraries.minecraft.net/org/lwjgl/lwjgl-glfw/3.1.6/lwjgl-glfw-3.1.6-natives-linux.jar"
          },
          "natives-macos": {
            "path": "org/lwjgl/lwjgl-glfw/3.1.6/lwjgl-glfw-3.1.6-natives-macos.jar",
            "sha1": "5f32c8924b07538c48f7854b25ac1d6bcbdec584",
            "size": 59991,
            "url": "https://libraries.minecraft.net/org/lwjgl/lwjgl-glfw/3.1.6/lwjgl-glfw-3.1.6-natives-macos.jar"
          },
          "natives-windows": {
            "path": "org/lwjgl/lwjgl-glfw/3.1.6/lwjgl-glfw-3.1.6-natives-windows.jar",
            "sha1": "7203889aebc265a9600ab4d5a8df8d03c0a1925c",
            "size": 253583,
            "url": "https://libraries.minecraft.net/org/lwjgl/lwjgl-glfw/3.1.6/lwjgl-glfw-3.1.6-natives-windows.jar"
          }
        }
      },
      "name": "org.lwjgl:lwjgl-glfw:3.1.6",
      "natives": {
        "linux": "natives-linux",
        "osx": "natives-macos",
        "windows": "natives-windows"
      }
    },
    {
      "downloads": {
        "artifact": {
          "path": "org/lwjgl/lwjgl-stb/3.1.6/lwjgl-stb-3.1.6.jar",
          "sha1": "041e958545f64db9d46ab8e616c3020929bbaeca",
          "size": 104583,
          "url": "https://libraries.minecraft.net/org/lwjgl/lwjgl-stb/3.1.6/lwjgl-stb-3.1.6.jar"
        },
        "classifiers": {
          "natives-linux": {
            "path": "org/lwjgl/lwjgl-stb/3.1.6/lwjgl-stb-3.1.6-natives-linux.jar",
            "sha1": "1d15cc1cfc89fdf31c4d4d9ad129b31a8ef52901",
            "size": 202101,
            "url": "https://libraries.minecraft.net/org/lwjgl/lwjgl-stb/3.1.6/lwjgl-stb-3.1.6-natives-linux.jar"
          },
          "natives-macos": {
            "path": "org/lwjgl/lwjgl-stb/3.1.6/lwjgl-stb-3.1.6-natives-macos.jar",
            "sha1": "cf948e8f31649fcf528d81e0844082cf9751f138",
            "size": 175804,
            "url": "https://libraries.minecraft.net/org/lwjgl/lwjgl-stb/3.1.6/lwjgl-stb-3.1.6-natives-macos.jar"
          },
          "natives-windows": {
            "path": "org/lwjgl/lwjgl-stb/3.1.6/lwjgl-stb-3.1.6-natives-windows.jar",
            "sha1": "46e0d7bc48189e5f5007a91c5223ad199abbef0b",
            "size": 457272,
            "url": "https://libraries.minecraft.net/org/lwjgl/lwjgl-stb/3.1.6/lwjgl-stb-3.1.6-natives-windows.jar"
          }
        }
      },
      "name": "org.lwjgl:lwjgl-stb:3.1.6",
      "natives": {
        "linux": "natives-linux",
        "osx": "natives-macos",
        "windows": "natives-windows"
      }
    },
    {
      "downloads": {
        "artifact": {
          "path": "com/mojang/text2speech/1.10.3/text2speech-1.10.3.jar",
          "sha1": "48fd510879dff266c3815947de66e3d4809f8668",
          "size": 11055,
          "url": "https://libraries.minecraft.net/com/mojang/text2speech/1.10.3/text2speech-1.10.3.jar"
        }
      },
      "name": "com.mojang:text2speech:1.10.3"
    },
    {
      "downloads": {
        "artifact": {
          "path": "com/mojang/text2speech/1.10.3/text2speech-1.10.3.jar",
          "sha1": "48fd510879dff266c3815947de66e3d4809f8668",
          "size": 11055,
          "url": "https://libraries.minecraft.net/com/mojang/text2speech/1.10.3/text2speech-1.10.3.jar"
        },
        "classifiers": {
          "natives-linux": {
            "path": "com/mojang/text2speech/1.10.3/text2speech-1.10.3-natives-linux.jar",
            "sha1": "ab7896aec3b3dd272b06194357f2d98f832c0cfc",
            "size": 7833,
            "url": "https://libraries.minecraft.net/com/mojang/text2speech/1.10.3/text2speech-1.10.3-natives-linux.jar"
          },
          "natives-windows": {
            "path": "com/mojang/text2speech/1.10.3/text2speech-1.10.3-natives-windows.jar",
            "sha1": "84a4b856389cc4f485275b1f63497a95a857a443",
            "size": 81217,
            "url": "https://libraries.minecraft.net/com/mojang/text2speech/1.10.3/text2speech-1.10.3-natives-windows.jar"
          }
        }
      },
      "extract": {
        "exclude": [
          "META-INF/"
        ]
      },
      "name": "com.mojang:text2speech:1.10.3",
      "natives": {
        "linux": "natives-linux",
        "windows": "natives-windows"
      }
    },
    {
      "downloads": {
        "artifact": {
          "path": "ca/weblite/java-objc-bridge/1.0.0/java-objc-bridge-1.0.0.jar",
          "sha1": "6ef160c3133a78de015830860197602ca1c855d3",
          "size": 40502,
          "url": "https://libraries.minecraft.net/ca/weblite/java-objc-bridge/1.0.0/java-objc-bridge-1.0.0.jar"
        },
        "classifiers": {
          "natives-osx": {
            "path": "ca/weblite/java-objc-bridge/1.0.0/java-objc-bridge-1.0.0-natives-osx.jar",
            "sha1": "08befab4894d55875f33c3d300f4f71e6e828f64",
            "size": 5629,
            "url": "https://libraries.minecraft.net/ca/weblite/java-objc-bridge/1.0.0/java-objc-bridge-1.0.0-natives-osx.jar"
          }
        }
      },
      "extract": {
        "exclude": [
          "META-INF/"
        ]
      },
      "name": "ca.weblite:java-objc-bridge:1.0.0",
      "natives": {
        "osx": "natives-osx"
      },
      "rules": [
        {
          "action": "allow",
          "os": {
            "name": "osx"
          }
        }
      ]
    },
    {
      "downloads": {
        "artifact": {
          "path": "ca/weblite/java-objc-bridge/1.0.0/java-objc-bridge-1.0.0.jar",
          "sha1": "6ef160c3133a78de015830860197602ca1c855d3",
          "size": 40502,
          "url": "https://libraries.minecraft.net/ca/weblite/java-objc-bridge/1.0.0/java-objc-bridge-1.0.0.jar"
        }
      },
      "name": "ca.weblite:java-objc-bridge:1.0.0",
      "rules": [
        {
          "action": "allow",
          "os": {
            "name": "osx"
          }
        }
      ]
    }
  ],
  "logging": {
    "client": {
      "argument": "-Dlog4j.configurationFile=${path}",
      "file": {
        "id": "client-1.12.xml",
        "sha1": "bd65e7d2e3c237be76cfbef4c2405033d7f91521",
        "size": 888,
        "url": "https://piston-data.mojang.com/v1/objects/bd65e7d2e3c237be76cfbef4c2405033d7f91521/client-1.12.xml"
      },
      "type": "log4j2-xml"
    }
  },
  "mainClass": "net.minecraft.client.main.Main",
  "minimumLauncherVersion": 21,
  "releaseTime": "2018-10-22T19:41:07+08:00",
  "time": "2018-10-22T19:41:07+08:00",
  "type": "release",
  "clientVersion": "1.13.2"
}